Date,Open,High,Low,Close,Vol
2012-01-01.csv,873,879,851,879,799
2012-01-02.csv,879,913,882,900,1002
2012-01-03.csv,900,916,892,892,2653
2012-01-04.csv,892,875,842,865,490
2012-01-05.csv,865,875,858,858,121
2012-01-08.csv,858,845,814,830,4835
2012-01-09.csv,830,846,830,846,195
2012-01-10.csv,858,862,845,845,658
2012-01-11.csv,845,874,845,874,969
2012-01-12.csv,874,904,860,904,773
2012-01-16.csv,904,886,867,879,235
2012-01-17.csv,879,865,820,861,2244
2012-01-19.csv,861,882,830,882,1617
2012-01-22.csv,882,870,836,836,1273
2012-01-23.csv,836,843,826,835,1255
2012-01-25.csv,835,840,825,840,442
2012-01-26.csv,840,830,826,830,408
2012-01-29.csv,830,830,823,830,496
2012-01-31.csv,830,845,842,842,143
2012-02-01.csv,842,840,832,832,250
2012-02-02.csv,832,850,833,850,382
2012-02-05.csv,850,840,824,829,1035
2012-02-06.csv,829,829,824,824,545
2012-02-07.csv,824,833,820,830,816
2012-02-08.csv,830,841,830,841,187
2012-02-09.csv,841,840,830,840,437
2012-02-12.csv,840,843,828,843,1780
2012-02-13.csv,843,876,832,876,885
2012-02-14.csv,876,870,860,860,447
2012-02-15.csv,860,860,843,843,182
2012-02-16.csv,843,850,833,850,1286
2012-02-21.csv,850,850,836,850,170
2012-02-23.csv,850,850,845,850,79
2012-02-26.csv,850,856,833,844,1025
2012-02-27.csv,844,847,831,847,1055
2012-02-28.csv,847,867,845,867,825
2012-02-29.csv,867,869,860,861,602
2012-03-01.csv,861,887,865,887,497
2012-03-04.csv,887,876,870,874,590
2012-03-05.csv,874,887,866,883,571
2012-03-06.csv,883,885,875,882,301
2012-03-11.csv,882,885,868,885,361
2012-03-12.csv,885,882,880,880,256
2012-03-13.csv,880,880,863,880,501
2012-03-14.csv,880,875,860,860,389
2012-03-15.csv,860,852,836,852,446
2012-03-18.csv,852,869,850,867,168
2012-03-19.csv,867,882,853,882,281
2012-03-20.csv,882,874,847,874,307
2012-03-21.csv,874,878,850,878,900
2012-03-25.csv,878,878,845,878,521
2012-03-26.csv,878,861,861,861,50
2012-03-27.csv,861,873,850,867,342
2012-03-28.csv,867,867,850,867,317
2012-03-29.csv,867,867,850,867,64
2012-04-01.csv,867,852,835,852,981
2012-04-02.csv,852,880,852,880,270
2012-04-03.csv,880,891,867,875,145
2012-04-04.csv,875,902,878,902,106
2012-04-08.csv,902,895,879,895,318
2012-04-09.csv,895,901,884,901,906
2012-04-10.csv,901,892,890,890,249
2012-04-11.csv,890,925,885,910,1173
2012-04-12.csv,910,988,920,988,1316
2012-04-15.csv,988,1075,1007,1075,1840
2012-04-17.csv,1075,1182,994,1000,2664
2012-04-18.csv,1000,1081,951,1081,1741
2012-04-19.csv,1081,1144,1078,1130,3104
2012-04-22.csv,1130,1200,1130,1200,3423
2012-04-24.csv,1200,1320,1224,1320,880
2012-04-25.csv,1320,1452,1346,1450,3631
2012-04-26.csv,1450,1550,1400,1550,6246
2012-04-29.csv,1550,1538,1461,1500,4632
2012-04-30.csv,1500,1470,1380,1400,2746
2012-05-02.csv,1400,1372,1260,1260,956
2012-05-03.csv,1260,1386,1285,1386,522
2012-05-07.csv,1386,1524,1413,1524,1302
2012-05-08.csv,1524,1585,1470,1524,4092
2012-05-09.csv,1524,1554,1415,1459,6781
2012-05-10.csv,1459,1453,1387,1420,3591
2012-05-13.csv,1420,1392,1290,1302,1788
2012-05-14.csv,1302,1276,1200,1219,2577
2012-05-15.csv,1219,1340,1219,1340,2424
2012-05-16.csv,1340,1474,1340,1474,1090
2012-05-17.csv,1474,1563,1421,1450,6367
2012-05-20.csv,1450,1458,1390,1450,1648
2012-05-21.csv,1450,1460,1400,1445,3948
2012-05-22.csv,1445,1438,1380,1438,1664
2012-05-23.csv,1438,1410,1325,1325,617
2012-05-24.csv,1325,1400,1300,1369,3006
2012-05-27.csv,1369,1448,1372,1420,4735
2012-05-29.csv,1420,1392,1338,1338,30
2012-05-30.csv,1338,1312,1205,1205,399
2012-05-31.csv,1205,1228,1113,1200,5417
2012-06-03.csv,1200,1320,1210,1313,2718
2012-06-04.csv,1313,1313,1265,1290,2280
2012-06-05.csv,1290,1265,1217,1242,1088
2012-06-06.csv,1242,1221,1190,1206,4535
2012-06-07.csv,1206,1258,1210,1225,1504
2012-06-10.csv,1225,1210,1188,1205,1572
2012-06-11.csv,1205,1253,1200,1200,602
2012-06-12.csv,1200,1210,1195,1210,1025
2012-06-13.csv,1210,1220,1201,1220,197
2012-06-14.csv,1220,1215,1196,1212,903
2012-06-17.csv,1212,1205,1194,1205,306
2012-06-18.csv,1205,1224,1200,1210,320
2012-06-19.csv,1210,1211,1186,1211,624
2012-06-20.csv,1211,1258,1195,1212,226
2012-06-21.csv,1212,1212,1200,1205,730
2012-06-25.csv,1205,1264,1197,1264,721
2012-06-26.csv,1264,1239,1218,1226,358
2012-06-27.csv,1226,1264,1240,1249,1302
2012-06-28.csv,1249,1298,1250,1267,1238
2012-07-01.csv,1267,1260,1250,1260,1135
2012-07-02.csv,1260,1250,1242,1245,790
2012-07-03.csv,1245,1280,1250,1280,1302
2012-07-04.csv,1280,1325,1281,1302,784
2012-07-05.csv,1302,1293,1276,1293,789
2012-07-08.csv,1293,1281,1265,1281,1230
2012-07-09.csv,1281,1285,1260,1275,907
2012-07-10.csv,1275,1302,1288,1300,955
2012-07-11.csv,1300,1316,1310,1310,1338
2012-07-12.csv,1310,1319,1301,1319,1100
2012-07-15.csv,1319,1365,1338,1355,1155
2012-07-16.csv,1355,1353,1340,1350,904
2012-07-17.csv,1350,1371,1350,1371,2701
2012-07-18.csv,1371,1395,1368,1382,2406
2012-07-19.csv,1382,1443,1400,1430,1362
2012-07-22.csv,1430,1478,1430,1475,4131
2012-07-23.csv,1475,1502,1478,1483,3631
2012-07-24.csv,1483,1486,1447,1474,3187
2012-07-25.csv,1474,1490,1462,1470,2707
2012-07-26.csv,1470,1465,1450,1450,1828
2012-07-29.csv,1450,1450,1431,1440,943
2012-07-30.csv,1440,1455,1420,1450,"2,028"
2012-07-31.csv,1450,1462,1441,1450,651
2012-08-01.csv,1450,1470,1450,1460,"2,222"
2012-08-05.csv,1460,1470,1440,1470,969
2012-08-06.csv,1470,1481,1470,1478,897
2012-08-07.csv,1478,1486,1470,1480,975
2012-08-08.csv,1480,1475,1460,1469,1167
2012-08-12.csv,1469,1460,1451,1451,508
2012-08-13.csv,1451,1500,1455,1461,3040
2012-08-14.csv,1461,1473,1450,1455,1350
2012-08-15.csv,1455,1460,1445,1450,"2,545"
2012-08-16.csv,1450,1475,1447,1469,"2,466"
2012-08-19.csv,1469,1451,1441,1451,385
2012-08-21.csv,1451,1465,1430,1465,"2,488"
2012-08-22.csv,1465,1472,1451,1462,"1,036"
2012-08-23.csv,1462,1468,1441,1465,"1,546"
2012-08-26.csv,1465,1465,1430,1439,569
2012-08-27.csv,1439,1450,1436,1450,"1,059"
2012-08-28.csv,1450,1451,1437,1437,"1,216"
2012-08-29.csv,1437,1440,1423,1440,"1,265"
2012-08-30.csv,1440,1437,1405,1437,"1,420"
2012-09-02.csv,1437,1464,1440,1462,"1,427"
2012-09-03.csv,1462,1469,1450,1460,731
2012-09-04.csv,1460,1459,1432,1455,683
2012-09-05.csv,1455,1460,1440,1451,681
2012-09-06.csv,1451,1451,1440,1443,"2,276"
2012-09-09.csv,1443,1449,1435,1448,"1,031"
2012-09-10.csv,1448,1441,1426,1426,524
2012-09-11.csv,1426,1520,1454,1490,"7,009"
2012-09-12.csv,1490,1505,1480,1480,"5,042"
2012-09-13.csv,1480,1489,1478,1481,"1,771"
2012-09-16.csv,1481,1491,1480,1485,"1,019"
2012-09-17.csv,1485,1488,1481,1488,"1,287"
2012-09-18.csv,1488,1500,1486,1486,897
2012-09-19.csv,1486,1490,1480,1482,998
2012-09-20.csv,1482,1470,1445,1470,350
2012-09-23.csv,1470,1460,1442,1452,921
2012-09-24.csv,1452,1436,1410,1436,898
2012-09-25.csv,1436,1434,1415,1426,"1,942"
2012-09-26.csv,1426,1452,1400,1410,"6,206"
2012-09-30.csv,1419,1444,1400,1400,"1,097"
2012-10-01.csv,1400,1428,1400,1402,"4,518"
2012-10-01.csv,1400,1428,1400,1402,"4,518"
2012-10-02.csv,1402,1413,1375,1385,"5,576"
2012-10-03.csv,1385,1131,1120,1120,218
2012-10-04.csv,1120,1125,1101,1125,723
2012-10-07.csv,1125,1145,1133,1145,"1,039"
2012-10-08.csv,1145,1160,1145,1150,570
2012-10-09.csv,1150,1162,1140,1162,514
2012-10-10.csv,1162,1152,1143,1152,224
2012-10-11.csv,1152,1140,1135,1135,377
2012-10-14.csv,1135,1157,1135,1157,177
2012-10-15.csv,1157,1160,1160,1160,26
2012-10-17.csv,1160,1160,1160,1160,211
2012-10-18.csv,1160,1165,1137,1165,636
2012-10-30.csv,1165,1224,1185,1224,291
2012-10-31.csv,1224,1248,1224,1247,806
2012-11-01.csv,1247,1249,1220,1249,"1,358"
2012-11-04.csv,1249,1290,1250,1265,602
2012-11-05.csv,1265,1310,1280,1280,521
2012-11-06.csv,1280,1329,1300,1316,"2,280"
2012-11-07.csv,1316,1447,1342,1447,"1,661"
2012-11-08.csv,1447,1575,1475,1504,"5,562"
2012-11-11.csv,1504,1505,1376,1410,"3,220"
2012-11-12.csv,1410,1455,1400,1455,"1,858"
2012-11-18.csv,1455,1504,1455,1503,"5,211"
2012-11-20.csv,1503,1572,1529,1550,"3,483"
2012-11-21.csv,1550,1565,1525,1535,"2,159"
2012-11-22.csv,1535,1510,1480,1510,"3,477"
2012-11-25.csv,1510,1517,1480,1501,"5,926"
2012-11-26.csv,1501,1492,1470,1478,"1,592"
2012-11-27.csv,1478,1485,1467,1485,"2,331"
2012-11-28.csv,1485,1499,1460,1499,"1,685"
2012-11-29.csv,1499,1470,1452,1460,513
2012-12-02.csv,1460,1461,1426,1445,"3,251"
2012-12-03.csv,1445,1460,1403,1460,"1,078"
2012-12-04.csv,1460,1489,1460,1466,"1,708"
2012-12-05.csv,1466,1510,1475,1503,"6,029"
2012-12-06.csv,1503,1500,1475,1498,"2,285"
2012-12-09.csv,1498,1475,1450,1450,718
2012-12-10.csv,1450,1450,1420,1450,"1,548"
2012-12-11.csv,1450,1464,1445,1450,742
2012-12-12.csv,1450,1485,1450,1480,"1,125"
2012-12-13.csv,1480,1509,1465,1490,601
2012-12-16.csv,1490,1534,1500,1528,"4,987"
2012-12-17.csv,1528,1579,1535,1559,"5,971"
2012-12-18.csv,1559,1528,1500,1522,"2,787"
2012-12-19.csv,1522,1555,1523,1547,"4,192"
2012-12-20.csv,1547,1559,1530,1556,"4,104"
2012-12-23.csv,1556,1575,1545,1575,"4,289"
2012-12-24.csv,1575,1579,1550,1567,"6,737"
2012-12-26.csv,1567,1623,1560,1615,"5,465"
2012-12-27.csv,1615,1701,1506,1701,"7,127"
2012-12-31.csv,1701,1695,1610,1693,"3,896"
2013-01-01.csv,1693,1698,1660,1660,"2,821"
2013-01-02.csv,1660,1684,1635,1661,"3,397"
2013-01-03.csv,1661,1690,1660,1689,"5,596"
2013-01-06.csv,1689,1698,1675,1675,"1,363"
2013-01-07.csv,1675,1683,1650,1665,"4,852"
2013-01-08.csv,1665,1665,1653,1654,619
2013-01-09.csv,1654,1650,1640,1650,"1,314"
2013-01-10.csv,1650,1646,1620,1640,"2,114"
2013-01-13.csv,1640,1665,1646,1650,"1,896"
2013-01-15.csv,1650,1668,1650,1650,"1,850"
2013-01-16.csv,1650,1662,1640,1650,"1,823"
2013-01-17.csv,1650,1635,1617,1620,"2,605"
2013-01-20.csv,1620,1590,1540,1550,"2,151"
2013-01-21.csv,1550,1612,1581,1590,468
2013-01-22.csv,1590,1620,1590,1600,"1,194"
2013-01-23.csv,1600,1600,1575,1583,"1,800"
2013-01-24.csv,1583,1601,1578,1601,"3,866"
2013-01-28.csv,1605,1610,1591,1605,"2,032"
2013-01-30.csv,1605,1606,1580,1585,"6,011"
2013-01-31.csv,1585,1593,1580,1580,"2,399"
2013-02-03.csv,1580,1625,1595,1620,"4,537"
2013-02-04.csv,1620,1624,1600,1622,"1,449"
2013-02-05.csv,1622,1625,1600,1605,"2,714"
2013-02-06.csv,1605,1609,1595,1608,"4,577"
2013-02-07.csv,1608,1611,1600,1606,"1,056"
2013-02-10.csv,1606,1687,1637,1655,"4,707"
2013-02-12.csv,1655,1735,1688,1730,"5,007"
2013-02-13.csv,1730,1729,1682,1711,"5,548"
2013-02-14.csv,1711,1755,1737,1749,"5,508"
2013-02-17.csv,1749,1923,1783,1890,"3,388"
2013-02-19.csv,1890,2000,1862,1866,"11,302"
2013-02-20.csv,1866,1870,1813,1840,"3,753"
2013-02-21.csv,1840,1894,1820,1850,"4,683"
2013-02-24.csv,1850,1860,1840,1851,"1,719"
2013-02-25.csv,1851,1950,1850,1885,"2,323"
2013-02-26.csv,1885,1922,1880,1899,"4,719"
2013-02-27.csv,1899,1875,1862,1870,"1,777"
2013-02-28.csv,1870,1889,1868,1888,"1,426"
2013-03-03.csv,1888,1889,1871,1887,"3,654"
2013-03-04.csv,1887,1886,1875,1880,"2,969"
2013-03-05.csv,1880,1888,1855,1868,"5,639"
2013-03-06.csv,1868,1895,1860,1890,"1,309"
2013-03-07.csv,1890,1925,1850,1925,"4,043"
2013-03-11.csv,1925,1939,1880,1900,"2,354"
2013-03-13.csv,1900,1911,1872,1908,"3,412"
2013-03-14.csv,1908,1998,1900,1921,"2,905"
2013-03-17.csv,1921,1916,1900,1904,"2,533"
2013-03-18.csv,1904,1909,1861,1880,"1,067"
2013-03-19.csv,1880,1923,1860,1890,"1,872"
2013-03-20.csv,1890,1901,1875,1878,688
2013-03-21.csv,1878,1900,1870,1880,498
2013-03-24.csv,1880,1851,1825,1835,"2,994"
2013-03-25.csv,1835,1852,1800,1852,"2,653"
2013-03-27.csv,1852,1888,1841,1849,"2,300"
2013-03-28.csv,1849,1852,1825,1852,"4,364"
2013-03-31.csv,1852,1830,1785,1785,"2,556"
2013-04-01.csv,1785,1811,1750,1795,"3,861"
2013-04-02.csv,1795,1856,1760,1830,"2,688"
2013-04-03.csv,1830,1840,1820,1825,"1,741"
2013-04-04.csv,1825,1825,1801,1808,"2,424"
2013-04-07.csv,1808,1808,1780,1790,"1,811"
2013-04-08.csv,1790,1820,1787,1800,785
2013-04-09.csv,1800,1850,1801,1850,"2,545"
2013-04-11.csv,1850,1860,1835,1845,"3,477"
2013-04-15.csv,1845,1849,1815,1835,"1,900"
2013-04-16.csv,1835,1845,1815,1830,"3,250"
2013-04-17.csv,1830,1826,1805,1805,"1,167"
2013-04-18.csv,1805,1830,1806,1815,"1,755"
2013-04-21.csv,1815,1835,1805,1820,"1,114"
2013-04-22.csv,1820,1820,1750,1765,"3,818"
2013-04-23.csv,1765,1836,1790,1804,"1,983"
2013-04-25.csv,1804,1800,1780,1780,"1,273"
2013-04-28.csv,1780,1777,1770,1770,"1,757"
2013-04-29.csv,1770,1795,1770,1770,"1,506"
2013-04-30.csv,1770,1785,1769,1770,515
2013-05-02.csv,1770,1771,1740,1770,"1,071"
2013-05-05.csv,1770,1780,1720,1735,"1,168"
2013-05-06.csv,1735,1715,1678,1678,848
2013-05-07.csv,1678,1738,1675,1704,"3,840"
2013-05-08.csv,1704,1700,1690,1690,234
2013-05-09.csv,1690,1702,1685,1685,998
2013-05-12.csv,1685,1718,1660,1681,"3,800"
2013-05-13.csv,1681,1718,1680,1718,"2,165"
2013-05-14.csv,1718,1722,1690,1690,"3,704"
2013-05-15.csv,1690,1723,1690,1695,"9,162"
2013-05-16.csv,1695,1750,1700,1750,"1,993"
2013-05-19.csv,1750,1765,1720,1726,"10,617"
2013-05-20.csv,1726,1760,1730,1745,"2,532"
2013-05-21.csv,1745,1753,1740,1750,"3,286"
2013-05-22.csv,1750,1763,1735,1745,"2,178"
2013-05-23.csv,1745,1745,1725,1745,"3,462"
2013-05-26.csv,1745,1750,1740,1741,"1,188"
2013-05-27.csv,1741,1804,1760,1804,"1,415"
2013-05-28.csv,1804,1785,1760,1761,"1,016"
2013-05-30.csv,1761,1761,1745,1745,"2,567"
2013-06-02.csv,1745,1754,1730,1730,"1,852"
2013-06-03.csv,1730,1760,1749,1750,669
2013-06-04.csv,1750,1755,1740,1750,590
2013-06-05.csv,1750,1750,1744,1744,357
2013-06-06.csv,1744,1750,1731,1746,746
2013-06-09.csv,1746,1740,1740,1740,"1,721"
2013-06-10.csv,1740,1742,1735,1740,"3,401"
2013-06-11.csv,1740,1755,1744,1752,630
2013-06-12.csv,1752,1743,1735,1736,812
2013-06-13.csv,1736,1735,1725,1728,"1,716"
2013-06-16.csv,1728,1740,1725,1738,"1,064"
2013-06-17.csv,1738,1731,1720,1720,"1,445"
2013-06-18.csv,1720,1721,1701,1719,"1,011"
2013-06-19.csv,1719,1722,1706,1721,"1,715"
2013-06-20.csv,1721,1715,1706,1711,"1,816"
2013-06-23.csv,1711,1718,1700,1715,528
2013-06-24.csv,1715,1721,1705,1716,812
2013-06-25.csv,1716,1730,1709,1730,"1,982"
2013-06-26.csv,1730,1785,1730,1765,"2,051"
2013-06-27.csv,1765,1785,1750,1773,"1,651"
2013-06-30.csv,1773,1771,1730,1750,"1,692"
2013-07-01.csv,1750,1759,1745,1747,"1,948"
2013-07-02.csv,1747,1748,1740,1748,869
2013-07-03.csv,1748,1753,1725,1743,"1,706"
2013-07-04.csv,1743,1746,1735,1741,"1,636"
2013-07-07.csv,1741,1747,1730,1741,"2,216"
2013-07-08.csv,1741,1754,1736,1750,"2,866"
2013-07-09.csv,1750,1779,1753,1779,"1,603"
2013-07-10.csv,1779,1809,1780,1805,"5,003"
2013-07-11.csv,1805,1795,1786,1786,632
2013-07-14.csv,1786,1800,1788,1790,"1,240"
2013-07-15.csv,1790,1823,1810,1815,553
2013-07-16.csv,1815,1819,1795,1800,"2,427"
2013-07-17.csv,1800,1825,1801,1825,"3,409"
2013-07-18.csv,1825,1872,1811,1865,"5,092"
2013-07-21.csv,1865,1970,1890,1910,"5,250"
2013-07-22.csv,1910,1915,1885,1885,"1,031"
2013-07-23.csv,1885,1920,1870,1920,898
2013-07-24.csv,1920,1900,1843,1890,"2,886"
2013-07-25.csv,1890,1905,1880,1889,"1,962"
2013-07-28.csv,1889,1918,1880,1905,"2,279"
2013-07-29.csv,1905,1910,1890,1900,"2,562"
2013-07-30.csv,1900,1915,1900,1910,"2,927"
2013-07-31.csv,1910,1935,1900,1925,"2,384"
2013-08-01.csv,1925,1950,1900,1910,"2,696"
2013-08-04.csv,1910,1915,1891,1915,"3,186"
2013-08-05.csv,1915,1901,1890,1895,"1,105"
2013-08-06.csv,1895,1905,1885,1903,"2,029"
2013-08-07.csv,1903,1920,1890,1890,635
2013-08-08.csv,1890,1926,1880,1900,"2,663"
2013-08-11.csv,1900,1875,1850,1870,867
2013-08-12.csv,1870,1870,1842,1850,"1,648"
2013-08-13.csv,1850,1850,1812,1830,"2,663"
2013-08-14.csv,1830,1860,1819,1819,"1,105"
2013-08-15.csv,1819,1845,1818,1845,651
2013-08-18.csv,1845,1845,1822,1825,"1,294"
2013-08-19.csv,1825,1850,1830,1838,"1,782"
2013-08-20.csv,1838,1855,1830,1855,807
2013-08-25.csv,1855,1870,1850,1860,"1,577"
2013-08-26.csv,1860,1860,1840,1851,"1,868"
2013-08-27.csv,1851,1859,1840,1853,"1,193"
2013-08-29.csv,1853,1856,1830,1834,"1,962"
2013-09-01.csv,1834,1840,1830,1830,787
2013-09-02.csv,1830,1825,1820,1820,802
2013-09-03.csv,1820,1828,1800,1820,"3,564"
2013-09-04.csv,1820,1840,1803,1820,"2,269"
2013-09-05.csv,1820,1820,1799,1820,"3,902"
2013-09-08.csv,1820,2002,1856,2002,"9,905"
2013-09-09.csv,2002,2039,1961,1965,"8,448"
2013-09-10.csv,1965,1965,1926,1940,"5,604"
2013-09-11.csv,1940,1958,1940,1958,"5,974"
2013-09-12.csv,1958,1975,1960,1965,"3,529"
2013-09-15.csv,1965,1995,1960,1990,"9,143"
2013-09-16.csv,1990,2002,1990,1996,"4,647"
2013-09-17.csv,1996,2003,1985,2000,"9,843"
2013-09-19.csv,2000,1991,1965,1980,"2,291"
2013-09-22.csv,1980,1980,1950,1975,"2,397"
2013-09-23.csv,1975,1975,1941,1970,"3,089"
2013-09-24.csv,1970,1990,1961,1980,"4,740"
2013-09-25.csv,1980,1986,1976,1980,"2,790"
2013-09-26.csv,1980,2000,1979,1980,837
2013-09-29.csv,1980,1990,1970,1975,"2,802"
2013-09-30.csv,1975,1980,1975,1975,"1,938"
2013-10-01.csv,1975,2012,1974,1980,"2,887"
2013-10-02.csv,1980,1985,1950,1983,"1,303"
2013-10-03.csv,1983,1980,1960,1976,"2,340"
2013-10-06.csv,1976,1980,1970,1980,"1,379"
2013-10-07.csv,1980,1995,1980,1992,"1,594"
2013-10-08.csv,1992,2010,1995,2010,"2,489"
2013-10-09.csv,2010,2014,2000,2008,"2,821"
2013-10-10.csv,2008,2035,2015,2030,"1,255"
2013-10-17.csv,2030,2065,2035,2065,"3,332"
2013-10-20.csv,2065,2151,2050,2150,"8,573"
2013-10-21.csv,2150,2240,2124,2200,"6,354"
2013-10-22.csv,2200,2200,2100,2150,"7,336"
2013-10-23.csv,2150,2160,2111,2140,"2,544"
2013-10-24.csv,2140,2160,2118,2160,"3,527"
2013-10-27.csv,2160,2201,2117,2200,"3,228"
2013-10-28.csv,2200,2230,2191,2198,"5,747"
2013-10-29.csv,2198,2204,2190,2201,"2,987"
2013-10-30.csv,2201,2206,2195,2200,"8,171"
2013-10-31.csv,2200,2208,2195,2198,"5,454"
2013-11-06.csv,2198,2200,2191,2194,"1,535"
2013-11-07.csv,2194,2199,2175,2175,"3,254"
2013-11-11.csv,2170,2210,2150,2201,"10,578"
2013-11-12.csv,2200,2250,2200,2205,"3,891"
2013-11-13.csv,2205,2240,2205,2213,"8,998"
2013-11-14.csv,2213,2260,2200,2229,"9,683"
2013-11-21.csv,2229,2451,2273,2451,"10,177"
2013-11-24.csv,2451,2567,2400,2523,"7,026"
2013-11-25.csv,2523,2478,2380,2447,"4,977"
2013-11-26.csv,2447,2440,2380,2390,"5,083"
2013-11-27.csv,2390,2390,2365,2380,"1,841"
2013-11-28.csv,2380,2380,2333,2380,"3,395"
2013-12-01.csv,2380,2495,2427,2474,"5,618"
2013-12-02.csv,2474,2500,2470,2491,"5,399"
2013-12-03.csv,2491,2605,2491,2575,"6,324"
2013-12-04.csv,2575,2725,2610,2715,"6,447"
2013-12-05.csv,2715,2800,2695,2720,"9,860"
2013-12-08.csv,2720,2790,2700,2750,"18,668"
2013-12-09.csv,2200,2400,2244,2290,"5,002"
2013-12-10.csv,2290,2290,2240,2255,"1,767"
2013-12-11.csv,2255,2305,2260,2290,"2,056"
2013-12-12.csv,2290,2300,2240,2245,"1,285"
2013-12-15.csv,2245,2300,2216,2300,"1,243"
2013-12-16.csv,2300,2386,2310,2386,716
2013-12-18.csv,2386,2410,2386,2410,900
2013-12-19.csv,2410,2400,2257,2399,"3,807"
2013-12-22.csv,2399,2405,2361,2362,"2,354"
2013-12-23.csv,2357,2330,2245,2245,"1,786"
2013-12-24.csv,2245,2280,2245,2258,"2,047"
2013-12-26.csv,2258,2320,2260,2270,"4,278"
2013-12-29.csv,2270,2275,2220,2250,"3,809"
2013-12-31.csv,2250,2250,2200,2210,"2,064"
2014-01-01.csv,2210,2180,2142,2151,433
2014-01-02.csv,2151,2150,2090,2125,"10,110"
2014-01-05.csv,2125,2125,2100,2125,"5,113"
2014-01-06.csv,2125,2118,2095,2110,"3,381"
2014-01-07.csv,2110,2135,2070,2126,"4,731"
2014-01-08.csv,2126,2180,2100,2168,"2,502"
2014-01-09.csv,2168,2172,2125,2172,"1,115"
2014-01-12.csv,2172,2225,2105,2225,"1,788"
2014-01-13.csv,2225,2260,2225,2250,"1,385"
2014-01-14.csv,2250,2250,2220,2220,287
2014-01-16.csv,2220,2230,2199,2199,163
2014-01-19.csv,2199,2230,2190,2210,"1,484"
2014-01-20.csv,2210,2200,2166,2185,"1,001"
2014-01-21.csv,2185,2177,2100,2129,"1,824"
2014-01-22.csv,2129,2115,2070,2090,"2,490"
2014-01-23.csv,2090,2100,2050,2080,"1,919"
2014-01-26.csv,2080,2100,2035,2085,"2,305"
2014-01-27.csv,2085,2105,2075,2075,700
2014-01-28.csv,2075,2085,2040,2057,"3,039"
2014-01-29.csv,2057,2060,2025,2050,"1,516"
2014-02-02.csv,2050,2061,2020,2060,"3,221"
2014-02-03.csv,2060,2025,1995,2009,"1,729"
2014-02-04.csv,2009,2020,2000,2015,701
2014-02-06.csv,2060,2077,2050,2077,"3,009"
2014-02-09.csv,2077,2100,2075,2100,884
2014-02-10.csv,2100,2227,2142,2155,"3,551"
2014-02-11.csv,2155,2130,2100,2130,"2,034"
2014-02-12.csv,2130,2124,2090,2102,"1,982"
2014-02-13.csv,2102,2103,2089,2095,902
2014-02-16.csv,2095,2100,2075,2080,"1,096"
2014-02-17.csv,2080,2100,2080,2088,687
2014-02-18.csv,2088,2105,2085,2105,814
2014-02-20.csv,2105,2140,2098,2098,466
2014-02-23.csv,2098,2150,2100,2108,"4,237"
2014-02-24.csv,2108,2140,2107,2133,"2,640"
2014-02-25.csv,2133,2130,2100,2130,"1,845"
2014-02-26.csv,2130,2180,2100,2149,"1,200"
2014-03-03.csv,2149,2130,2059,2065,"1,114"
2014-03-04.csv,2065,2065,1975,2015,"2,767"
2014-03-05.csv,2015,2090,2000,2090,"1,527"
2014-03-06.csv,2090,2050,2001,2015,"1,631"
2014-03-09.csv,2015,2055,1990,2000,"1,254"
2014-03-10.csv,2000,2005,1965,1980,904
2014-03-11.csv,1980,1981,1960,1979,"1,671"
2014-03-12.csv,1979,1970,1870,1955,"4,854"
2014-03-13.csv,1955,1930,1900,1907,"2,402"
2014-03-17.csv,1907,1885,1840,1855,"1,944"
2014-03-18.csv,1855,1865,1799,1799,"2,968"
2014-03-19.csv,1799,1876,1790,1845,"5,212"
2014-03-20.csv,1845,1910,1840,1910,"2,633"
2014-03-23.csv,1910,1895,1881,1886,"1,880"
2014-03-24.csv,1886,1940,1910,1915,"1,043"
2014-03-25.csv,1915,1910,1880,1900,"1,319"
2014-03-26.csv,1900,1895,1871,1872,781
2014-03-27.csv,1872,1905,1877,1900,"2,287"
2014-03-31.csv,1900,1911,1895,1895,"1,049"
2014-04-01.csv,1895,1920,1880,1900,"2,849"
2014-04-02.csv,1900,1920,1900,1900,"4,093"
2014-04-03.csv,1900,1950,1915,1950,"1,392"
2014-04-06.csv,1950,2000,1965,1965,438
2014-04-07.csv,1965,1950,1893,1945,"3,054"
2014-04-09.csv,1945,1960,1900,1960,"1,858"
2014-04-10.csv,1960,2000,1961,1989,"2,242"
2014-04-13.csv,1989,2009,1970,1995,"4,388"
2014-04-15.csv,1995,2003,1995,1995,572
2014-04-16.csv,1995,1991,1970,1990,606
2014-04-17.csv,1990,1980,1943,1943,"1,617"
2014-04-20.csv,1943,1950,1944,1950,"2,145"
2014-04-21.csv,1950,1950,1920,1930,"1,235"
2014-04-22.csv,1930,1960,1930,1930,382
2014-04-23.csv,1930,1940,1918,1940,699
2014-04-27.csv,1940,1930,1890,1900,"1,374"
2014-04-28.csv,1900,1920,1890,1910,"1,057"
2014-04-29.csv,1910,1910,1910,1910,45
2014-04-30.csv,1910,1940,1910,1940,326
2014-05-04.csv,1940,1940,1904,1935,"3,143"
2014-05-05.csv,1935,1965,1940,1960,"1,684"
2014-05-06.csv,1960,2077,1999,2030,"2,557"
2014-05-07.csv,2030,2111,2040,2040,"2,142"
2014-05-08.csv,2040,2020,2000,2012,"1,301"
2014-05-11.csv,2012,2040,1995,2013,"1,554"
2014-05-12.csv,2013,2040,1995,2015,"2,015"
2014-05-13.csv,2015,2030,1990,2000,"1,034"
2014-05-15.csv,2000,2029,1960,1960,"1,801"
2014-05-15.csv,2000,2029,1960,1960,"1,801"
2014-05-18.csv,1960,1965,1941,1950,"3,500"
2014-05-19.csv,1950,1950,1882,1925,"4,777"
2014-05-20.csv,1925,1940,1903,1915,"3,836"
2014-05-21.csv,1915,1926,1890,1915,"3,692"
2014-05-22.csv,1915,1925,1859,1859,"21,890"
2014-05-25.csv,1859,1945,1788,1922,"27,558"
2014-05-26.csv,1922,1989,1900,1989,"8,695"
2014-05-27.csv,1989,1960,1925,1950,"5,571"
2014-05-28.csv,1950,1989,1940,1985,"3,993"
2014-06-01.csv,1985,2050,1970,2035,"6,733"
2014-06-02.csv,2035,2065,2020,2050,"8,876"
2014-06-03.csv,2050,2090,2057,2069,"5,985"
2014-06-04.csv,2069,2075,2050,2075,"5,664"
2014-06-05.csv,2075,2074,2035,2052,"4,170"
2014-06-08.csv,2052,2099,2050,2078,"4,816"
2014-06-09.csv,2078,2115,2078,2110,"6,302"
2014-06-10.csv,2110,2150,2115,2143,"6,260"
2014-06-11.csv,2143,2190,2130,2160,"7,131"
2014-06-12.csv,2160,2185,2127,2160,"5,552"
2014-06-15.csv,2160,2376,2160,2330,"9,465"
2014-06-16.csv,2330,2380,2312,2363,"11,146"
2014-06-17.csv,2363,2413,2310,2360,"6,689"
2014-06-17.csv,2363,2413,2310,2360,"6,689"
2014-06-18.csv,2360,2370,2335,2335,"2,313"
2014-06-19.csv,2335,2290,2265,2270,"3,475"
2014-06-23.csv,2270,2235,2186,2198,"7,097"
2014-06-24.csv,2198,2255,2117,2254,"4,796"
2014-06-25.csv,2254,2309,2250,2290,"2,781"
2014-06-26.csv,2290,2335,2301,2301,"1,527"
2014-06-29.csv,2301,2340,2280,2325,"4,526"
2014-06-30.csv,2325,2340,2300,2310,"2,748"
2014-07-01.csv,2310,2355,2320,2335,"3,169"
2014-07-02.csv,2335,2355,2300,2345,"4,313"
2014-07-03.csv,2345,2400,2350,2360,"3,317"
2014-07-06.csv,2360,2420,2360,2390,"4,442"
2014-07-07.csv,2390,2450,2400,2425,"3,657"
2014-07-08.csv,2425,2450,2400,2450,"7,731"
2014-07-09.csv,2450,2460,2438,2438,"1,438"
2014-07-10.csv,2438,2500,2430,2500,"3,612"
2014-07-13.csv,2500,2661,2520,2554,"4,717"
2014-07-14.csv,2554,2605,2530,2550,"1,345"
2014-07-15.csv,2550,2540,2515,2538,"2,092"
2014-07-16.csv,2538,2574,2515,2535,"1,482"
2014-07-17.csv,2535,2555,2490,2528,"4,066"
2014-07-20.csv,2528,2629,2550,2620,"3,391"
2014-07-21.csv,2620,2635,2590,2610,"6,600"
2014-07-22.csv,2610,2657,2559,2657,"11,797"
2014-07-23.csv,2657,2680,2600,2680,"2,677"
2014-07-24.csv,2680,2670,2610,2652,"2,761"
2014-07-27.csv,2652,2620,2600,2600,856
2014-07-28.csv,2600,2610,2560,2610,281
2014-07-30.csv,2610,2610,2576,2580,"1,885"
2014-07-31.csv,2580,2612,2565,2571,"2,070"
2014-08-03.csv,2571,2600,2575,2583,"2,243"
2014-08-04.csv,2583,2560,2470,2480,"1,906"
2014-08-05.csv,2480,2550,2500,2500,"4,958"
2014-08-06.csv,2500,2505,2480,2489,"3,605"
2014-08-07.csv,2489,2500,2470,2472,"2,121"
2014-08-12.csv,2472,2470,2415,2415,"1,179"
2014-08-13.csv,2415,2505,2385,2450,"3,685"
2014-08-14.csv,2450,2550,2425,2513,"3,681"
2014-08-18.csv,2513,2555,2490,2505,"7,582"
2014-08-19.csv,2505,2511,2475,2475,"2,987"
2014-08-20.csv,2475,2480,2400,2418,"5,743"
2014-08-21.csv,2418,2502,2270,2441,"4,752"
2014-08-24.csv,2441,2520,2439,2470,"2,179"
2014-08-25.csv,2470,2519,2280,2360,"4,877"
2014-08-26.csv,2360,2407,2223,2223,"7,014"
2014-08-27.csv,2223,2400,2267,2365,"7,514"
2014-08-28.csv,2365,2530,2410,2412,"7,784"
2014-08-31.csv,2412,2578,2460,2462,"28,055"
2014-09-01.csv,2462,2460,2380,2402,"8,973"
2014-09-03.csv,2402,2488,2400,2424,"6,112"
2014-09-04.csv,2424,2410,2377,2397,"4,050"
2014-09-07.csv,2397,2375,2230,2230,"3,957"
2014-09-09.csv,2230,2387,2250,2365,"2,375"
2014-09-10.csv,2365,2425,2320,2320,"4,288"
2014-09-11.csv,2320,2320,2250,2260,"2,728"
2014-09-14.csv,2260,2285,2220,2276,"3,404"
2014-09-15.csv,2276,2346,2260,2300,"2,930"
2014-09-16.csv,2300,2346,2285,2325,"3,472"
2014-09-17.csv,2325,2350,2300,2300,"3,375"
2014-09-18.csv,2300,2310,2230,2247,"3,648"
2014-09-21.csv,2247,2215,2165,2190,"2,116"
2014-09-22.csv,2190,2175,2140,2174,"2,830"
2014-09-23.csv,2174,2270,2195,2213,"2,415"
2014-09-24.csv,2213,2346,2250,2344,"2,407"
2014-09-28.csv,2344,2375,2330,2345,"2,614"
2014-09-29.csv,2345,2427,2360,2399,"4,217"
2014-09-30.csv,2399,2407,2357,2395,"2,574"
2014-10-08.csv,2395,2394,2370,2370,433
2014-10-09.csv,2370,2380,2340,2380,704
2014-10-12.csv,2380,2360,2320,2360,"1,152"
2014-10-13.csv,2360,2315,2250,2272,"2,487"
2014-10-14.csv,2272,2310,2280,2290,"1,237"
2014-10-15.csv,2290,2340,2298,2340,845
2014-10-16.csv,2340,2375,2328,2340,"1,374"
2014-10-19.csv,2340,2324,2295,2315,"2,320"
2014-10-20.csv,2315,2320,2300,2320,"1,595"
2014-10-21.csv,2320,2361,2310,2324,"1,935"
2014-10-22.csv,2324,2366,2314,2350,"1,509"
2014-10-26.csv,2350,2359,2350,2350,428
2014-10-27.csv,2350,2375,2349,2364,185
2014-10-28.csv,2364,2364,2340,2350,"1,392"
2014-10-30.csv,2350,2376,2306,2325,"2,519"
2014-11-02.csv,2325,2325,2280,2290,"1,073"
2014-11-03.csv,2290,2255,2200,2200,"3,592"
2014-11-04.csv,2200,2210,2160,2210,"2,684"
2014-11-05.csv,2210,2218,2170,2206,"6,995"
2014-11-06.csv,2206,2235,2191,2220,"7,739"
2014-11-09.csv,2220,2252,2200,2217,"11,263"
2014-11-10.csv,2217,2249,2180,2200,"6,328"
2014-11-11.csv,2200,2200,2175,2200,"6,449"
2014-11-12.csv,2200,2209,2170,2170,"11,776"
2014-11-13.csv,1808,1830,1800,1800,99
2014-11-16.csv,1800,1765,1670,1709,"2,309"
2014-11-17.csv,1709,1678,1611,1635,"3,945"
2014-11-18.csv,1635,1667,1564,1667,"2,897"
2014-11-19.csv,1667,1710,1634,1710,"2,153"
2014-11-20.csv,1710,1765,1700,1739,"2,401"
2014-11-23.csv,1739,1773,1695,1742,"4,018"
2014-11-24.csv,1742,1724,1710,1715,"2,010"
2014-11-25.csv,1715,1710,1666,1696,"3,089"
2014-11-30.csv,1696,1700,1680,1680,"2,125"
2014-12-01.csv,1680,1701,1670,1692,"3,262"
2014-12-02.csv,1692,1680,1635,1680,"3,265"
2014-12-03.csv,1680,1710,1665,1665,"2,392"
2014-12-04.csv,1665,1720,1687,1714,"3,338"
2014-12-07.csv,1714,1718,1700,1701,"3,015"
2014-12-08.csv,1701,1707,1700,1707,"1,571"
2014-12-09.csv,1707,1720,1700,1715,"2,452"
2014-12-10.csv,1715,1745,1682,1720,"1,666"
2014-12-11.csv,1720,1800,1686,1800,"4,183"
2014-12-14.csv,1800,1947,1836,1945,864
2014-12-15.csv,1945,2000,1881,1950,"3,945"
2014-12-16.csv,1950,1950,1915,1926,"3,779"
2014-12-17.csv,1926,1915,1875,1875,"2,618"
2014-12-18.csv,1875,1938,1885,1938,701
2014-12-22.csv,1938,1900,1825,1836,"1,715"
2014-12-23.csv,1836,1810,1800,1800,"1,178"
2014-12-24.csv,1800,1856,1800,1856,"3,276"
2014-12-28.csv,1856,1892,1858,1870,"2,045"
2014-12-28.csv,1856,1892,1858,1870,"2,045"
2014-12-29.csv,1870,1890,1835,1873,"1,493"
2014-12-31.csv,1873,1855,1820,1820,"2,162"
2015-01-01.csv,1820,1875,1835,1875,"2,383"
2015-01-04.csv,1875,1889,1866,1880,"1,918"
2015-01-05.csv,1880,1901,1855,1886,"2,264"
2015-01-06.csv,1886,1862,1852,1852,421
2015-01-07.csv,1852,1898,1870,1885,"1,365"
2015-01-08.csv,1885,1901,1880,1890,"1,201"
2015-01-11.csv,1890,1881,1855,1855,"1,113"
2015-01-12.csv,1855,1859,1840,1855,490
2015-01-13.csv,1855,1890,1825,1890,"1,921"
2015-01-14.csv,1890,1890,1866,1869,643
2015-01-18.csv,1869,1894,1866,1894,"1,573"
2015-01-19.csv,1894,2038,1857,1982,"22,822"
2015-01-20.csv,1982,1950,1932,1950,"2,981"
2015-01-22.csv,1950,1940,1853,1940,"2,851"
2015-01-25.csv,1940,1960,1876,1950,"2,272"
2015-01-26.csv,1950,1986,1950,1950,"3,083"
2015-01-27.csv,1950,1974,1950,1974,"1,708"
2015-01-28.csv,1974,2020,1974,2020,"4,973"
2015-01-29.csv,2020,2030,1990,2012,"2,342"
2015-02-01.csv,2012,2060,1912,2051,"2,215"
2015-02-02.csv,2051,2062,2033,2050,"5,873"
2015-02-03.csv,2050,2055,2006,2021,"4,156"
2015-02-04.csv,2021,2025,2001,2010,"4,416"
2015-02-05.csv,2010,2020,1995,2012,"3,419"
2015-02-08.csv,2012,2017,2000,2010,"1,634"
2015-02-09.csv,2010,2010,1980,1990,"2,813"
2015-02-10.csv,1990,1998,1990,1998,"1,360"
2015-02-11.csv,1998,2000,1998,1998,418
2015-02-12.csv,1998,2005,1985,2005,"2,850"
2015-02-15.csv,2005,2004,1996,2000,"2,124"
2015-02-16.csv,2000,2000,1985,1995,"1,483"
2015-02-16.csv,2000,2000,1985,1995,"1,483"
2015-02-18.csv,1995,1985,1975,1985,"1,539"
2015-02-22.csv,1985,1960,1930,1947,"2,341"
2015-02-23.csv,1947,1940,1905,1939,"3,583"
2015-02-24.csv,1939,1950,1915,1950,499
2015-02-25.csv,1950,1952,1940,1952,"1,894"
2015-02-26.csv,1952,1960,1921,1926,470
2015-03-01.csv,1926,1940,1903,1930,"1,809"
2015-03-02.csv,1930,1930,1920,1925,"6,343"
2015-03-03.csv,1925,1930,1920,1930,316
2015-03-04.csv,1930,1961,1935,1940,"1,399"
2015-03-09.csv,1940,1975,1949,1961,"2,158"
2015-03-10.csv,1961,1972,1940,1942,"1,395"
2015-03-11.csv,1942,1960,1940,1960,855
2015-03-12.csv,1960,1945,1930,1945,504
2015-03-15.csv,1945,1930,1916,1925,851
2015-03-16.csv,1925,1920,1910,1911,681
2015-03-17.csv,1911,1920,1905,1906,"1,912"
2015-03-18.csv,1906,1917,1880,1901,"1,952"
2015-03-19.csv,1901,1925,1900,1925,803
2015-03-22.csv,1925,1920,1900,1909,"2,388"
2015-03-23.csv,1909,1904,1888,1900,"1,911"
2015-03-24.csv,1900,1900,1880,1900,919
2015-03-25.csv,1900,1901,1865,1887,"1,876"
2015-03-26.csv,1887,1887,1860,1870,"1,816"
2015-03-29.csv,1870,1880,1840,1880,794
2015-03-30.csv,1880,1882,1879,1881,"1,513"
2015-03-31.csv,1881,1890,1875,1875,808
2015-04-01.csv,1875,1875,1860,1875,232
2015-04-02.csv,1875,1889,1855,1889,"1,601"
2015-04-05.csv,1889,1870,1850,1865,"1,849"
2015-04-06.csv,1865,1880,1830,1880,719
2015-04-07.csv,1880,1870,1870,1870,134
2015-04-08.csv,1870,1895,1865,1895,649
2015-04-09.csv,1895,1930,1900,1905,633
2015-04-12.csv,1905,1960,1900,1940,"1,785"
2015-04-13.csv,1940,1930,1895,1920,"1,721"
2015-04-15.csv,1920,1930,1895,1895,738
2015-04-16.csv,1895,1950,1885,1950,"1,399"
2015-04-19.csv,1950,1930,1895,1925,"1,956"
2015-04-20.csv,1925,1940,1900,1940,"1,739"
2015-04-21.csv,1940,1930,1900,1930,"6,138"
2015-04-22.csv,1930,1916,1880,1900,"2,300"
2015-04-23.csv,1900,1905,1870,1902,"2,509"
2015-05-25.csv,1902,1864,1712,1712,731
2015-05-26.csv,1712,1695,1603,1650,"7,687"
2015-05-27.csv,1650,1640,1585,1615,"2,258"
2015-05-28.csv,1615,1632,1575,1602,"4,064"
2015-05-31.csv,1602,1723,1634,1723,"2,975"
2015-06-01.csv,1723,1841,1750,1819,"2,683"
2015-06-02.csv,1819,1850,1810,1850,"1,778"
2015-06-03.csv,1850,1908,1860,1908,"1,392"
2015-06-04.csv,1908,1930,1880,1900,"2,197"
2015-06-07.csv,1900,1911,1900,1910,"1,707"
2015-06-08.csv,1910,1940,1915,1935,478
2015-06-08.csv,1910,1940,1915,1935,478
2015-06-08.csv,1910,1940,1915,1935,478
2015-06-09.csv,1935,2010,1963,2010,"2,923"
2015-06-10.csv,2010,2002,1980,1982,"3,961"
2015-06-11.csv,1982,1970,1940,1940,661
2015-06-14.csv,1940,1965,1921,1925,"1,089"
2015-06-16.csv,1925,1930,1900,1900,600
2015-06-17.csv,1900,1900,1881,1881,"2,620"
2015-06-18.csv,1881,1880,1880,1880,332
2015-06-21.csv,1880,1875,1860,1875,436
2015-06-22.csv,1875,1885,1860,1875,"3,016"
2015-06-23.csv,1875,1880,1851,1880,"2,293"
2015-06-24.csv,1880,1885,1880,1881,"1,352"
2015-06-25.csv,1881,1885,1850,1885,"3,274"
2015-06-28.csv,1885,1901,1886,1900,911
2015-06-29.csv,1900,1920,1890,1905,"3,878"
2015-06-30.csv,1905,1930,1892,1909,"2,117"
2015-07-01.csv,1909,1925,1896,1909,"2,457"
2015-07-02.csv,1909,1910,1900,1909,"2,986"
2015-07-05.csv,1909,1920,1901,1919,"2,251"
2015-07-06.csv,1919,1923,1900,1923,902
2015-07-07.csv,1923,1930,1902,1911,"3,906"
2015-07-08.csv,1911,1916,1905,1910,"1,567"
2015-07-09.csv,1910,1922,1900,1920,"1,628"
2015-07-12.csv,1920,1935,1900,1935,"2,796"
2015-07-13.csv,1935,1932,1907,1924,"1,398"
2015-07-14.csv,1924,1925,1910,1920,439
2015-07-15.csv,1920,1930,1916,1930,"1,266"
2015-07-16.csv,1930,1930,1901,1910,"2,248"
2015-07-22.csv,1910,1925,1900,1900,"3,604"
2015-07-23.csv,1900,2010,1900,2010,"6,999"
2015-07-26.csv,2010,2091,2050,2091,"2,070"
2015-07-27.csv,2091,2300,2132,2300,"46,545"
2015-07-28.csv,2300,2305,2200,2250,"15,694"
2015-07-29.csv,2250,2250,2225,2240,"7,549"
2015-07-30.csv,2240,2346,2240,2300,"5,450"
2015-08-02.csv,2300,2346,2300,2310,"6,054"
2015-08-03.csv,2310,2310,2298,2309,"6,203"
2015-08-04.csv,2309,2310,2271,2289,"6,686"
2015-08-05.csv,2289,2290,2279,2280,"6,523"
2015-08-06.csv,2280,2340,2290,2300,"9,493"
2015-08-09.csv,2300,2398,2320,2398,"7,017"
2015-08-10.csv,2398,2493,2420,2490,"7,210"
2015-08-11.csv,2490,2500,2450,2470,"5,823"
2015-08-12.csv,2470,2480,2430,2471,"4,389"
2015-08-13.csv,2471,2500,2440,2500,"7,919"
2015-08-16.csv,2500,2650,2519,2595,"8,792"
2015-08-17.csv,2595,2750,2623,2690,"14,195"
2015-08-18.csv,2690,2784,2637,2700,"14,079"
2015-08-18.csv,2690,2784,2637,2700,"14,079"
2015-08-19.csv,2700,2709,2660,2690,"7,336"
2015-08-20.csv,2690,2794,2690,2695,"8,915"
2015-08-23.csv,2695,2719,2630,2670,"7,495"
2015-08-24.csv,2670,2680,2600,2610,"7,472"
2015-08-25.csv,2610,2600,2566,2579,"2,958"
2015-08-26.csv,2579,2585,2555,2556,"1,184"
2015-08-27.csv,2556,2615,2570,2580,"5,228"
2015-08-31.csv,2580,2600,2580,2599,"5,198"
2015-09-01.csv,2599,2606,2570,2579,"4,880"
2015-09-02.csv,2579,2550,2456,2480,"5,980"
2015-09-03.csv,2480,2505,2454,2465,"7,315"
2015-09-06.csv,2465,2475,2400,2450,"7,695"
2015-09-07.csv,2450,2510,2480,2499,"6,420"
2015-09-08.csv,2499,2548,2527,2531,"5,434"
2015-09-09.csv,2531,2550,2511,2511,"2,291"
2015-09-10.csv,2511,2515,2496,2500,"3,357"
2015-09-13.csv,2500,2530,2500,2505,"3,986"
2015-09-14.csv,2505,2630,2555,2578,"5,240"
2015-09-15.csv,2578,2674,2616,2674,"7,770"
2015-09-16.csv,2674,2720,2665,2675,"8,423"
2015-09-17.csv,2675,2725,2640,2640,"7,164"
2015-09-22.csv,2640,2601,2490,2510,"6,135"
2015-09-23.csv,2510,2710,2560,2600,"4,063"
2015-09-24.csv,2600,2610,2550,2575,"2,943"
2015-09-28.csv,2575,2524,2425,2491,"7,147"
2015-09-29.csv,2491,2550,2530,2540,"1,860"
2015-09-30.csv,2540,2580,2550,2560,"3,841"
2015-10-01.csv,2560,2579,2550,2550,"4,485"
2015-10-04.csv,2550,2600,2570,2570,"3,832"
2015-10-05.csv,2570,2519,2400,2440,"8,896"
2015-10-06.csv,2440,2415,2392,2395,"5,150"
2015-10-07.csv,2395,2390,2315,2350,"4,895"
2015-10-08.csv,2350,2440,2300,2440,"8,804"
2015-10-11.csv,2440,2480,2375,2375,"5,062"
2015-10-14.csv,2375,2398,2350,2375,"1,262"
2015-10-15.csv,2375,2360,2355,2360,645
2015-10-18.csv,2360,2358,2350,2358,635
2015-10-19.csv,2358,2430,2345,2400,"1,322"
2015-10-25.csv,2400,2356,2356,2356,200
2015-10-27.csv,2356,2340,2280,2280,"2,207"
2015-10-28.csv,2280,2270,2190,2240,"4,705"
2015-10-29.csv,2240,2290,2242,2279,"3,741"
2015-11-01.csv,2279,2300,2250,2275,"3,800"
2015-11-02.csv,2275,2330,2290,2310,"2,382"
2015-11-03.csv,2310,2289,2266,2270,"1,031"
2015-11-04.csv,2270,2280,2270,2280,"1,000"
2015-11-05.csv,2280,2260,2250,2250,"1,347"
2015-11-08.csv,2250,2251,2225,2249,"1,418"
2015-11-09.csv,2249,2320,2270,2280,"2,009"
2015-11-10.csv,2280,2320,2300,2310,850
2015-11-15.csv,2310,2305,2275,2305,911
2015-11-16.csv,2305,2290,2275,2288,628
2015-11-18.csv,2288,2315,2300,2309,"1,524"
2015-11-19.csv,2309,2300,2288,2288,"1,574"
2015-11-22.csv,2288,2255,2200,2205,"2,830"
2015-11-23.csv,2205,2210,2100,2210,"1,707"
2015-11-24.csv,2210,2210,2170,2180,"3,418"
2015-11-25.csv,2180,2160,2125,2130,"1,678"
2015-11-26.csv,2130,2130,2060,2100,"4,339"
2015-11-29.csv,2100,2100,2000,2020,"7,340"
2015-11-30.csv,2020,2090,2046,2090,"3,522"
2015-12-01.csv,2090,2220,2131,2200,"2,984"
2015-12-02.csv,2200,2250,2181,2248,"6,332"
2015-12-03.csv,2248,2300,2205,2300,"9,386"
2015-12-06.csv,1769,1840,1799,1819,"2,215"
2015-12-07.csv,1819,1950,1850,1895,"3,087"
2015-12-08.csv,1895,1900,1858,1900,670
2015-12-09.csv,1900,1940,1910,1940,"2,083"
2015-12-10.csv,1940,1940,1900,1900,"1,769"
2015-12-13.csv,1900,1903,1881,1903,"1,240"
2015-12-14.csv,1903,1890,1880,1890,"1,024"
2015-12-15.csv,1890,1890,1860,1860,"1,870"
2015-12-16.csv,1860,1865,1850,1854,"1,084"
2015-12-17.csv,1854,1860,1810,1842,"17,060"
2015-12-20.csv,1842,1844,1815,1830,"2,620"
2015-12-21.csv,1830,1825,1800,1800,"3,696"
2015-12-22.csv,1800,1841,1800,1840,"11,125"
2015-12-23.csv,1840,1840,1800,1821,"4,272"
2015-12-24.csv,1821,1830,1810,1815,"10,147"
2015-12-27.csv,1815,1820,1800,1800,"6,169"
2015-12-28.csv,1800,1820,1800,1820,"3,102"
2015-12-29.csv,1820,1854,1820,1853,"2,077"
2015-12-31.csv,1853,1870,1855,1860,"1,657"
2016-01-03.csv,1860,1860,1825,1840,"2,053"
2016-01-04.csv,1840,1850,1800,1800,"2,496"
2016-01-05.csv,1800,1829,1798,1800,"4,394"
2016-01-06.csv,1800,1808,1795,1795,"2,708"
2016-01-07.csv,1795,1815,1800,1815,"2,329"
2016-01-10.csv,1815,1825,1810,1820,"1,164"
2016-01-11.csv,1820,1835,1820,1826,"3,689"
2016-01-12.csv,1826,1830,1820,1830,"1,925"
2016-01-12.csv,1826,1830,1820,1830,"1,925"
2016-01-13.csv,1830,1830,1814,1814,"3,603"
2016-01-14.csv,1814,1860,1820,1850,"5,613"
2016-01-17.csv,1850,1899,1870,1890,"4,290"
2016-01-18.csv,1890,1965,1920,1920,"9,726"
2016-01-19.csv,1920,1930,1880,1920,"1,608"
2016-01-20.csv,1920,1935,1915,1921,"3,643"
2016-01-21.csv,1921,1920,1905,1905,"2,078"
2016-01-24.csv,1905,1910,1882,1895,"2,193"
2016-01-25.csv,1895,1920,1900,1920,"4,535"
2016-01-26.csv,1920,1904,1888,1898,"3,551"
2016-01-27.csv,1898,1900,1884,1885,"2,929"
2016-01-28.csv,1885,1899,1880,1890,"2,050"
2016-01-31.csv,1890,1900,1880,1890,"3,302"
2016-02-01.csv,1890,1923,1892,1905,"3,476"
2016-02-02.csv,1905,1929,1890,1900,"3,778"
2016-02-03.csv,1900,1905,1894,1900,"2,036"
2016-02-04.csv,1900,1935,1905,1917,"4,192"
2016-02-07.csv,1917,1970,1930,1935,"4,515"
2016-02-08.csv,1935,1935,1915,1919,"3,886"
2016-02-11.csv,1919,1930,1900,1912,"3,387"
2016-02-14.csv,1912,1901,1890,1900,"4,307"
2016-02-15.csv,1900,1900,1875,1900,"2,053"
2016-02-16.csv,1900,1890,1880,1880,"1,449"
2016-02-17.csv,1880,1886,1878,1886,"5,273"
2016-02-18.csv,1886,1898,1887,1893,"3,228"
2016-02-21.csv,1893,1925,1893,1907,"4,217"
2016-02-22.csv,1907,1976,1900,1955,"4,212"
2016-02-23.csv,1955,1985,1940,1950,"5,681"
2016-02-24.csv,1950,1960,1915,1915,"4,195"
2016-02-25.csv,1915,1925,1877,1921,"4,285"
2016-02-28.csv,1921,1929,1920,1920,"2,725"
2016-02-29.csv,1920,1920,1900,1906,"5,612"
2016-03-01.csv,1906,1915,1900,1900,"4,458"
2016-03-02.csv,1900,1907,1900,1900,"7,900"
2016-03-03.csv,1900,1907,1891,1900,"5,331"
2016-03-06.csv,1900,1932,1909,1909,"6,376"
2016-03-10.csv,1909,1925,1890,1900,"5,309"
2016-03-13.csv,1900,1905,1895,1904,"6,881"
2016-03-14.csv,1904,1910,1895,1895,"2,691"
2016-03-15.csv,1895,1900,1880,1890,"2,344"
2016-03-16.csv,1890,1905,1885,1895,"4,862"
2016-03-17.csv,1895,1909,1887,1900,"4,783"
2016-03-20.csv,1900,1919,1900,1910,"6,955"
2016-03-21.csv,1910,1938,1910,1919,"5,128"
2016-03-23.csv,1919,1930,1918,1925,"9,561"
2016-03-24.csv,1925,1986,1930,1985,"19,150"
2016-03-27.csv,1985,2115,1990,2111,"24,872"
2016-03-28.csv,2111,2200,2111,2120,"21,421"
2016-03-29.csv,2120,2120,2069,2099,"12,316"
2016-03-30.csv,2099,2110,2089,2090,"9,623"
2016-03-31.csv,2090,2099,2050,2060,"6,321"
2016-04-03.csv,2060,2065,2008,2044,"16,615"
2016-04-04.csv,2044,2075,2044,2065,"6,426"
2016-04-05.csv,2065,2110,2080,2091,"9,382"
2016-04-06.csv,2091,2105,2082,2092,"6,587"
2016-04-10.csv,2092,2099,2080,2090,"6,121"
2016-04-11.csv,2090,2100,2075,2100,"5,118"
2016-04-12.csv,2100,2115,2095,2110,"12,264"
2016-04-14.csv,2110,2121,2110,2120,"16,535"
2016-04-17.csv,2120,2133,2115,2119,"16,462"
2016-04-18.csv,2119,2174,2120,2170,"19,064"
2016-04-19.csv,2170,2234,2196,2200,"20,539"
2016-04-20.csv,2200,2280,2240,2260,"12,612"
2016-04-21.csv,2260,2261,2220,2241,"10,389"
2016-04-24.csv,2241,2261,2235,2251,"23,129"
2016-04-25.csv,2251,2260,2231,2260,"12,157"
2016-04-26.csv,2260,2258,2230,2235,"6,028"
2016-04-27.csv,2235,2234,2205,2232,"5,481"
2016-04-28.csv,2232,2260,2236,2237,"6,911"
2016-05-02.csv,2237,2303,2250,2302,"13,851"
2016-05-03.csv,2302,2320,2281,2281,"7,205"
2016-05-04.csv,2281,2270,2251,2260,"7,234"
2016-05-05.csv,2260,2244,2200,2232,"11,076"
2016-05-08.csv,2232,2295,2260,2270,"17,095"
2016-05-09.csv,2270,2290,2265,2280,"11,426"
2016-05-10.csv,2280,2284,2262,2269,"5,672"
2016-05-11.csv,2269,2269,2241,2269,"6,580"
2016-05-12.csv,2269,2265,2242,2250,"4,234"
2016-05-15.csv,2250,2260,2237,2237,"6,561"
2016-05-16.csv,2237,2248,2226,2227,"4,570"
2016-05-17.csv,2227,2270,2195,2270,"6,183"
2016-05-18.csv,2270,2270,2260,2270,"7,071"
2016-05-19.csv,2270,2294,2260,2281,"12,779"
2016-05-22.csv,2281,2290,2270,2273,"8,195"
2016-05-23.csv,2273,2286,2275,2275,"17,102"
2016-05-24.csv,2275,2315,2255,2310,"22,878"
2016-05-25.csv,2310,2340,2255,2280,"17,473"
2016-05-26.csv,2280,2295,2230,2271,"21,199"
2016-05-29.csv,2271,2275,2251,2268,"8,274"
2016-05-30.csv,2268,2260,2233,2241,"5,929"
2016-05-31.csv,2241,2260,2211,2220,"14,443"
2016-06-01.csv,2220,2230,2200,2220,"13,154"
2016-06-02.csv,2220,2220,2190,2208,"7,999"
2016-06-05.csv,2208,2205,2150,2150,"9,695"
2016-06-06.csv,2150,2200,2170,2195,"5,723"
2016-06-07.csv,2195,2240,2200,2235,"2,553"
2016-06-08.csv,2235,2241,2225,2241,"3,432"
2016-06-09.csv,2241,2241,2229,2239,"6,121"
2016-06-12.csv,2239,2360,2200,2341,"10,137"
2016-06-13.csv,2341,2433,2281,2310,"11,973"
2016-06-14.csv,2310,2330,2280,2280,"13,714"
2016-06-15.csv,2280,2310,2280,2289,"4,013"
2016-06-16.csv,2289,2298,2280,2295,"6,768"
2016-06-19.csv,2295,2299,2260,2275,"2,634"
2016-06-20.csv,2275,2300,2275,2276,"5,110"
2016-06-21.csv,2276,2295,2275,2286,"7,090"
2016-06-22.csv,2286,2330,2290,2308,"8,859"
2016-06-23.csv,2308,2380,2285,2340,"15,451"
2016-06-26.csv,2340,2412,2350,2400,"17,602"
2016-06-27.csv,2400,2460,2400,2450,"26,477"
2016-06-28.csv,2450,2509,2450,2471,"17,785"
2016-06-29.csv,2471,2490,2450,2450,"5,774"
2016-06-30.csv,2450,2432,2382,2410,"7,877"
2016-07-03.csv,2410,2404,2389,2400,"7,898"
2016-07-04.csv,2400,2400,2380,2395,"5,504"
2016-07-05.csv,2395,2400,2371,2380,"9,924"
2016-07-06.csv,2380,2399,2370,2375,"7,384"
2016-07-10.csv,2375,2408,2382,2395,"12,007"
2016-07-11.csv,2395,2400,2360,2380,"4,852"
2016-07-12.csv,2380,2382,2250,2363,"11,880"
2016-07-13.csv,2363,2340,2281,2330,"6,603"
2016-07-14.csv,2330,2397,2325,2344,"8,541"
2016-07-17.csv,2344,2395,2345,2370,"7,199"
2016-07-18.csv,2370,2417,2370,2389,"12,061"
2016-07-19.csv,2389,2450,2390,2415,"16,715"
2016-07-20.csv,2415,2463,2411,2420,"14,158"
2016-07-21.csv,2420,2445,2400,2425,"8,852"
2016-07-25.csv,2425,2480,2435,2460,"10,227"
2016-07-26.csv,2460,2500,2445,2450,"15,494"
2016-07-27.csv,2450,2480,2450,2466,"13,182"
2016-07-28.csv,2466,2500,2435,2465,"16,728"
2016-07-31.csv,2465,2495,2368,2463,"9,411"
2016-08-01.csv,2463,2470,2420,2451,"4,693"
2016-08-02.csv,2451,2440,2400,2440,"2,757"
2016-08-03.csv,2440,2412,2376,2385,"5,966"
2016-08-04.csv,2385,2385,2320,2342,"7,256"
2016-08-07.csv,2342,2399,2340,2345,"6,957"
2016-08-08.csv,2345,2316,2240,2240,"5,806"
2016-08-09.csv,2240,2329,2284,2329,100
2016-08-10.csv,2329,2420,2290,2350,"10,963"
2016-08-11.csv,2350,2397,2340,2360,"6,065"
2016-08-14.csv,2360,2400,2321,2340,"9,548"
2016-08-15.csv,2340,2300,2205,2260,"6,011"
2016-08-16.csv,2260,2290,2215,2285,"5,042"
2016-08-17.csv,2285,2305,2275,2290,"5,701"
2016-08-21.csv,2290,2310,2280,2290,"4,223"
2016-08-22.csv,2290,2300,2265,2277,"5,345"
2016-08-23.csv,2277,2290,2270,2289,"4,326"
2016-08-24.csv,2289,2305,2280,2300,"5,288"
2016-08-28.csv,2300,2340,2274,2325,"7,682"
2016-08-29.csv,2325,2380,2320,2320,"10,886"
2016-08-30.csv,2320,2380,2350,2368,"3,240"
2016-08-31.csv,2368,2364,2340,2360,"4,905"
2016-09-01.csv,2360,2377,2350,2365,"5,878"
2016-09-03.csv,2365,2420,2372,2408,"4,415"
2016-09-04.csv,2365,2420,2372,2408,"4,415"
2016-09-05.csv,2408,2479,2450,2472,"9,127"
2016-09-06.csv,2472,2495,2395,2450,"9,151"
2016-09-07.csv,2450,2548,2450,2468,"54,493"
2016-09-08.csv,2468,2469,2430,2438,"15,550"
2016-09-11.csv,2438,2440,2400,2410,"7,702"
2016-09-12.csv,2410,2405,2375,2390,"10,027"
2016-09-14.csv,2390,2450,2400,2411,"25,405"
2016-09-18.csv,2411,2430,2360,2369,"24,822"
2016-09-20.csv,2369,2390,2340,2350,"75,157"
2016-09-22.csv,1808,1800,1750,1765,"16,998"
2016-09-25.csv,1765,1760,1700,1700,"14,267"
2016-09-26.csv,1700,1781,1685,1781,"6,711"
2016-09-27.csv,1781,1785,1760,1768,"6,462"
2016-09-28.csv,1768,1770,1757,1764,"2,686"
2016-09-29.csv,1764,1798,1760,1792,"7,195"
2016-10-02.csv,1792,1800,1780,1780,"9,133"
2016-10-03.csv,1780,1800,1782,1788,"3,604"
2016-10-04.csv,1788,1809,1795,1800,"10,545"
2016-10-05.csv,1800,1810,1780,1790,"4,046"
2016-10-06.csv,1790,1800,1780,1780,"6,546"
2016-10-16.csv,1780,1800,1760,1770,"2,605"
2016-10-17.csv,1770,1780,1743,1774,"4,532"
2016-10-18.csv,1774,1800,1746,1789,"4,476"
2016-10-19.csv,1789,1795,1781,1790,"3,025"
2016-10-20.csv,1790,1790,1775,1785,"4,051"
2016-10-23.csv,1785,1785,1762,1765,"8,690"
2016-10-24.csv,1765,1770,1740,1740,"10,127"
2016-10-25.csv,1740,1741,1702,1729,"2,830"
2016-10-26.csv,1729,1744,1705,1740,"6,550"
2016-10-27.csv,1740,1755,1730,1755,"3,259"
2016-11-03.csv,1755,1795,1760,1760,"5,932"
2016-11-07.csv,1760,1760,1735,1739,"4,023"
2016-11-08.csv,1739,1758,1712,1725,"3,671"
2016-11-09.csv,1725,1716,1675,1708,"5,692"
2016-11-10.csv,1708,1710,1697,1700,"8,482"
2016-11-13.csv,1700,1720,1690,1703,"9,265"
2016-11-14.csv,1703,1730,1703,1722,"4,633"
2016-11-15.csv,1722,1725,1710,1716,"4,705"
2016-11-16.csv,1716,1721,1695,1695,"6,094"
2016-11-17.csv,1695,1705,1660,1670,"8,823"
2016-11-20.csv,1670,1650,1596,1630,"8,592"
2016-11-21.csv,1630,1680,1605,1635,"5,441"
2016-11-22.csv,1635,1655,1605,1630,"7,277"
2016-11-23.csv,1630,1626,1596,1600,"8,590"
2016-11-24.csv,1600,1610,1589,1595,"6,007"
2016-11-27.csv,1595,1588,1540,1555,"4,670"
2016-11-28.csv,1555,1640,1450,1640,"10,412"
2016-11-29.csv,1640,1655,1600,1655,"7,847"
2016-11-30.csv,1655,1700,1640,1691,"7,451"
2016-12-01.csv,1691,1734,1652,1674,"7,265"
2016-12-04.csv,1674,1670,1600,1670,"4,200"
2016-12-05.csv,1670,1690,1610,1640,"2,489"
2016-12-06.csv,1640,1650,1618,1638,"2,942"
2016-12-07.csv,1638,1640,1625,1635,944
2016-12-08.csv,1635,1635,1616,1630,"2,418"
2016-12-11.csv,1630,1615,1600,1600,"2,229"
2016-12-12.csv,1600,1605,1590,1590,"3,275"
2016-12-14.csv,1590,1605,1575,1580,"3,618"
2016-12-15.csv,1580,1596,1565,1580,"3,144"
2016-12-18.csv,1580,1590,1565,1575,"2,536"
2016-12-19.csv,1575,1581,1571,1580,"6,814"
2016-12-20.csv,1580,1581,1565,1570,"4,956"
2016-12-21.csv,1570,1561,1530,1533,"2,243"
2016-12-22.csv,1533,1540,1524,1530,"4,389"
2016-12-26.csv,1530,1518,1500,1508,"5,860"
2016-12-27.csv,1508,1500,1421,1479,"3,491"
2016-12-28.csv,1479,1485,1450,1475,"6,181"
2016-12-29.csv,1475,1519,1481,1519,"3,186"
2017-01-01.csv,1519,1548,1525,1530,"3,097"
2017-01-02.csv,1530,1550,1525,1544,"10,617"
2017-01-03.csv,1544,1550,1525,1525,"5,907"
2017-01-04.csv,1525,1529,1515,1515,"1,430"
2017-01-05.csv,1515,1520,1500,1505,"4,175"
2017-01-08.csv,1505,1510,1495,1510,"2,781"
2017-01-09.csv,1510,1529,1510,1519,"1,389"
2017-01-10.csv,1519,1551,1525,1538,"3,248"
2017-01-11.csv,1538,1565,1540,1565,"4,054"
2017-01-12.csv,1565,1565,1546,1560,"1,982"
2017-01-15.csv,1560,1550,1530,1540,"2,316"
2017-01-16.csv,1540,1540,1505,1508,"5,298"
2017-01-17.csv,1508,1525,1500,1505,"3,743"
2017-01-18.csv,1505,1512,1490,1504,"5,013"
2017-01-19.csv,1504,1515,1500,1500,"3,585"
2017-01-22.csv,1500,1515,1500,1506,"2,713"
2017-01-23.csv,1506,1516,1500,1500,"2,874"
2017-01-24.csv,1500,1500,1481,1487,"2,963"
2017-01-25.csv,1487,1459,1426,1441,"7,828"
2017-01-26.csv,1441,1445,1400,1432,"4,524"
2017-01-30.csv,1432,1425,1350,1365,"6,198"
2017-01-31.csv,1365,1390,1304,1390,"7,174"
2017-02-01.csv,1390,1450,1400,1442,"5,711"
2017-02-02.csv,1442,1485,1440,1455,"5,462"
2017-02-05.csv,1455,1480,1412,1455,"4,887"
2017-02-06.csv,1455,1455,1420,1420,"3,203"
2017-02-07.csv,1420,1422,1400,1405,"7,394"
2017-02-08.csv,1405,1420,1382,1395,"6,077"
2017-02-09.csv,1395,1391,1370,1370,"4,797"
2017-02-12.csv,1370,1343,1295,1305,"11,250"
2017-02-13.csv,1305,1380,1275,1370,"10,589"
2017-02-14.csv,1370,1375,1346,1360,"8,847"
2017-02-15.csv,1360,1412,1370,1412,"6,199"
2017-02-16.csv,1412,1458,1415,1456,"7,547"
2017-02-19.csv,1456,1500,1427,1496,"7,010"
2017-02-20.csv,1496,1549,1510,1520,"7,377"
2017-02-21.csv,1520,1550,1495,1515,"7,723"
2017-02-22.csv,1515,1505,1475,1485,"1,883"
2017-02-23.csv,1485,1485,1465,1471,"2,710"
2017-02-26.csv,1471,1470,1405,1405,"4,770"
2017-02-28.csv,1405,1400,1377,1395,"4,357"
2017-03-01.csv,1395,1407,1388,1400,"8,356"
2017-03-02.csv,1400,1421,1401,1420,"3,487"
2017-03-05.csv,1420,1461,1395,1450,"5,909"
2017-03-06.csv,1450,1470,1451,1469,"3,287"
2017-03-07.csv,1469,1450,1424,1435,"4,045"
2017-03-09.csv,1435,1463,1436,1436,"3,014"
2017-03-13.csv,1436,1460,1435,1455,"2,366"
2017-03-14.csv,1455,1465,1440,1449,"1,385"
2017-03-15.csv,1449,1449,1421,1440,"1,235"
2017-03-16.csv,1440,1449,1431,1440,"3,233"
2017-03-19.csv,1440,1446,1430,1440,"4,640"
2017-03-20.csv,1440,1465,1440,1460,"10,234"
2017-03-21.csv,1460,1475,1450,1475,"7,625"
2017-03-22.csv,1475,1538,1480,1481,"12,277"
2017-03-23.csv,1481,1499,1465,1470,"8,543"
2017-03-26.csv,1470,1529,1480,1500,"14,931"
2017-03-28.csv,1500,1581,1529,1575,"9,939"
2017-03-29.csv,1575,1606,1550,1570,"18,088"
2017-03-30.csv,1570,1570,1541,1550,"9,746"
2017-04-02.csv,1550,1591,1560,1579,"8,810"
2017-04-03.csv,1579,1716,1550,1577,"15,195"
2017-04-04.csv,1577,1594,1550,1580,"8,995"
2017-04-06.csv,1580,1580,1556,1570,"5,503"
2017-04-09.csv,1570,1585,1539,1568,"4,935"
2017-04-10.csv,1568,1575,1550,1575,"8,280"
2017-04-11.csv,1575,1628,1592,1600,"9,167"
2017-04-12.csv,1600,1635,1592,1615,"8,132"
2017-04-13.csv,1615,1600,1565,1590,"4,916"
2017-04-16.csv,1590,1590,1540,1556,"2,911"
2017-04-18.csv,1556,1556,1515,1515,"2,972"
2017-04-19.csv,1515,1545,1500,1540,"3,753"
2017-04-20.csv,1540,1570,1540,1551,"4,148"
2017-04-23.csv,1551,1650,1580,1599,"7,475"
2017-04-24.csv,1599,1600,1575,1599,"4,041"
2017-04-25.csv,1599,1596,1570,1590,"3,009"
2017-04-26.csv,1590,1579,1565,1574,"2,038"
2017-04-27.csv,1574,1581,1557,1580,"3,571"
2017-04-30.csv,1580,1580,1545,1545,"6,533"
2017-05-02.csv,1545,1545,1535,1535,"2,341"
2017-05-03.csv,1535,1596,1560,1569,"3,461"
2017-05-04.csv,1569,1570,1552,1560,"2,743"
2017-05-07.csv,1560,1560,1525,1535,"3,218"
2017-05-08.csv,1535,1564,1520,1540,"2,702"
2017-05-09.csv,1540,1580,1550,1560,"2,023"
2017-05-11.csv,1560,1570,1560,1560,"2,672"
2017-05-15.csv,1560,1577,1560,1560,"3,167"
2017-05-16.csv,1560,1560,1536,1558,"1,888"
2017-05-17.csv,1558,1560,1550,1560,"2,503"
2017-05-18.csv,1560,1565,1540,1554,"5,123"
2017-05-21.csv,1554,1560,1535,1550,"1,204"
2017-05-22.csv,1550,1559,1535,1535,"1,271"
2017-05-23.csv,1535,1560,1540,1550,"3,558"
2017-05-24.csv,1550,1557,1541,1557,"3,326"
2017-05-28.csv,1557,1553,1535,1538,"4,688"
2017-05-30.csv,1538,1545,1499,1499,"4,117"
2017-05-31.csv,1499,1515,1490,1500,"5,049"
2017-06-01.csv,1500,1525,1495,1500,"8,966"
2017-06-04.csv,1500,1501,1470,1480,"8,738"
2017-06-05.csv,1480,1509,1480,1500,"3,695"
2017-06-06.csv,1500,1530,1500,1519,"8,003"
2017-06-07.csv,1519,1540,1514,1515,"10,804"
2017-06-08.csv,1515,1515,1500,1512,"3,132"
2017-06-11.csv,1512,1512,1470,1472,"6,190"
2017-06-12.csv,1472,1479,1451,1460,"9,507"
2017-06-13.csv,1460,1479,1455,1460,"5,712"
2017-06-14.csv,1460,1460,1450,1452,"10,596"
2017-06-15.csv,1452,1504,1458,1480,"4,356"
2017-06-18.csv,1480,1480,1453,1459,"3,120"
2017-06-19.csv,1459,1460,1445,1450,"6,395"
2017-06-20.csv,1450,1455,1436,1442,"4,585"
2017-06-21.csv,1442,1460,1450,1460,"3,699"
2017-06-22.csv,1460,1484,1451,1452,"3,172"
2017-06-25.csv,1452,1490,1465,1489,"3,963"
2017-06-27.csv,1489,1499,1485,1491,"3,543"
2017-06-28.csv,1491,1500,1485,1499,"4,402"
2017-07-02.csv,1499,1499,1460,1479,"3,363"
2017-07-03.csv,1479,1480,1470,1475,"2,096"
2017-07-04.csv,1475,1479,1472,1476,"2,778"
2017-07-05.csv,1476,1485,1475,1475,"2,783"
2017-07-06.csv,1475,1500,1475,1500,"3,154"
2017-07-09.csv,1500,1525,1490,1500,"6,988"
2017-07-10.csv,1500,1505,1490,1493,"6,071"
2017-07-11.csv,1493,1510,1500,1506,"3,583"
2017-07-12.csv,1506,1520,1510,1519,"2,244"
2017-07-13.csv,1519,1525,1512,1523,"2,709"
2017-07-16.csv,1523,1530,1500,1530,"2,912"
2017-07-17.csv,1530,1599,1540,1597,"11,170"
2017-07-18.csv,1597,1650,1599,1638,"12,310"
2017-07-19.csv,1638,1670,1650,1658,"12,595"
2017-07-20.csv,1658,1670,1656,1658,"6,554"
2017-07-23.csv,1658,1665,1630,1635,"4,811"
2017-07-24.csv,1635,1650,1600,1610,"4,650"
2017-07-25.csv,1610,1620,1607,1612,"5,546"
2017-07-26.csv,1612,1643,1612,1620,"3,897"
2017-07-27.csv,1620,1640,1625,1627,"4,790"
2017-07-30.csv,1627,1630,1610,1620,"3,503"
2017-07-31.csv,1620,1629,1620,1622,"3,329"
2017-08-01.csv,1622,1642,1625,1635,"3,486"
2017-08-02.csv,1635,1640,1630,1638,"4,095"
2017-08-03.csv,1638,1675,1652,1667,"15,706"
2017-08-06.csv,1667,1733,1700,1728,"18,127"
2017-08-07.csv,1728,1773,1750,1768,"17,674"
2017-08-09.csv,1768,1798,1775,1780,"12,288"
2017-08-10.csv,1780,1779,1736,1758,"10,168"
2017-08-13.csv,1758,1769,1745,1750,"9,970"
2017-08-15.csv,1750,1749,1720,1720,"5,048"
2017-08-16.csv,1720,1735,1713,1718,"7,982"
2017-08-17.csv,1718,1751,1710,1737,"10,056"
2017-08-20.csv,1737,1760,1732,1735,"5,888"
2017-08-21.csv,1735,1730,1715,1720,"3,081"
2017-08-22.csv,1720,1730,1717,1729,"5,422"
2017-08-23.csv,1729,1740,1730,1730,"4,741"
2017-08-24.csv,1730,1730,1718,1729,"4,183"
2017-08-27.csv,1729,1810,1755,1767,"31,262"
2017-08-28.csv,1767,1799,1758,1762,"20,703"
2017-08-30.csv,1762,1770,1722,1737,"11,486"
2017-08-31.csv,1737,1750,1699,1700,"13,665"
2017-09-04.csv,1700,1701,1640,1665,"13,365"
2017-09-06.csv,1665,1715,1670,1694,"19,799"
2017-09-07.csv,1694,1700,1675,1675,"28,839"
2017-09-10.csv,1675,1688,1632,1634,"29,951"
2017-09-11.csv,1634,1650,1613,1630,"63,239"
2017-09-12.csv,1254,1235,1191,1191,"16,172"
2017-09-13.csv,1191,1190,1170,1185,"6,694"
2017-09-14.csv,1185,1210,1189,1205,"9,574"
2017-09-17.csv,1205,1255,1210,1245,"8,537"
2017-09-18.csv,1245,1270,1255,1264,"6,829"
2017-09-20.csv,1264,1274,1254,1254,"5,611"
2017-09-24.csv,1254,1260,1242,1254,"8,497"
2017-09-25.csv,1254,1265,1258,1260,"2,474"
2017-09-26.csv,1260,1265,1251,1264,"6,134"
2017-10-03.csv,1264,1265,1243,1265,"1,586"
2017-10-04.csv,1265,1269,1245,1245,"5,471"
2017-10-08.csv,1245,1245,1200,1218,"5,817"
2017-10-09.csv,1218,1225,1200,1205,"6,902"
2017-10-10.csv,1205,1211,1190,1205,"2,185"
2017-10-11.csv,1205,1209,1199,1200,"5,616"
2017-10-12.csv,1200,1205,1195,1200,"6,344"
2017-10-15.csv,1200,1219,1200,1219,"1,432"
2017-10-16.csv,1219,1285,1220,1285,"6,273"
2017-10-17.csv,1285,1291,1265,1273,"6,476"
2017-10-18.csv,1273,1280,1264,1277,"4,812"
2017-10-22.csv,1277,1285,1270,1272,"1,070"
2017-10-23.csv,1272,1280,1260,1265,"1,708"
2017-10-24.csv,1265,1270,1251,1257,"2,908"
2017-10-25.csv,1257,1265,1235,1235,"2,350"
2017-10-29.csv,1235,1240,1225,1230,"2,416"
2017-10-30.csv,1230,1234,1220,1225,"5,881"
2017-10-31.csv,1225,1225,1210,1219,"4,315"
2017-11-01.csv,1219,1235,1220,1220,"3,253"
2017-11-02.csv,1220,1230,1208,1215,"7,706"
2017-11-05.csv,1215,1210,1194,1203,"7,767"
2017-11-06.csv,1203,1200,1180,1190,"5,666"
2017-11-07.csv,1190,1195,1175,1179,"9,207"
2017-11-08.csv,1179,1180,1165,1165,"4,291"
2017-11-09.csv,1165,1165,1130,1130,"18,364"
2017-11-12.csv,1130,1150,1121,1150,"10,024"
2017-11-13.csv,1150,1165,1150,1161,"10,925"
2017-11-14.csv,1161,1200,1163,1200,"11,066"
2017-11-15.csv,1200,1208,1197,1200,"8,902"
2017-11-16.csv,1200,1200,1180,1182,"4,677"
2017-11-19.csv,1182,1200,1168,1168,"2,558"
2017-11-20.csv,1168,1157,1140,1140,"11,937"
2017-11-21.csv,1140,1162,1130,1145,"4,337"
2017-11-22.csv,1145,1168,1160,1166,"3,050"
2017-11-23.csv,1166,1175,1166,1166,"5,085"
2017-11-26.csv,1166,1180,1170,1175,"7,461"
2017-11-27.csv,1175,1184,1160,1165,"7,045"
2017-11-28.csv,1165,1180,1165,1180,"5,031"
2017-11-29.csv,1180,1190,1180,1180,"11,254"
2017-11-30.csv,1180,1190,1170,1179,"8,116"
2017-12-04.csv,1179,1181,1166,1166,"4,406"
2017-12-05.csv,1166,1170,1155,1170,"4,113"
2017-12-06.csv,1170,1180,1165,1168,"4,018"
2017-12-10.csv,1168,1176,1155,1164,"9,654"
2017-12-11.csv,1164,1167,1152,1167,"2,773"
2017-12-12.csv,1167,1170,1153,1160,950
2017-12-13.csv,1160,1160,1155,1156,"2,013"
2017-12-14.csv,1156,1169,1159,1160,"1,117"
2017-12-17.csv,1160,1160,1150,1155,"3,691"
2017-12-18.csv,1155,1164,1160,1160,"1,545"
2017-12-19.csv,1160,1161,1155,1155,"2,366"
2017-12-20.csv,1155,1160,1145,1155,"2,665"
2017-12-21.csv,1155,1160,1145,1149,"4,245"
2017-12-24.csv,1149,1155,1148,1150,"4,231"
2017-12-26.csv,1150,1155,1130,1145,"2,029"
2017-12-27.csv,1145,1143,1130,1134,"2,831"
2017-12-28.csv,1134,1129,1085,1090,"15,690"
2017-12-31.csv,1090,1090,1015,1020,"19,263"
2018-01-01.csv,1020,1065,1020,1065,"15,122"
2018-01-02.csv,1065,1101,1065,1080,"24,418"
2018-01-03.csv,1080,1100,1050,1055,"12,532"
2018-01-04.csv,1055,1081,1059,1080,"7,265"
2018-01-07.csv,1080,1090,1074,1081,"8,667"
2018-01-08.csv,1081,1097,1080,1089,"14,120"
2018-01-09.csv,1089,1100,1089,1090,"9,727"
2018-01-10.csv,1090,1093,1070,1070,"12,309"
2018-01-14.csv,1070,1073,1055,1065,"9,390"
2018-01-16.csv,1065,1066,1025,1030,"22,276"
2018-01-17.csv,1030,1045,1010,1039,"20,617"
2018-01-21.csv,1039,1045,1025,1039,"12,003"
2018-01-22.csv,1039,1043,1033,1039,"11,946"
2018-01-23.csv,1039,1040,1030,1031,"6,612"
2018-01-24.csv,1031,1032,1010,1015,"19,823"
2018-01-25.csv,1015,1039,1020,1037,"8,156"
2018-01-28.csv,1037,1055,1044,1048,"10,059"
2018-01-29.csv,1048,1055,1045,1052,"11,653"
2018-01-31.csv,1052,1070,1058,1070,"10,033"
2018-02-01.csv,1070,1098,1075,1090,"12,664"
2018-02-04.csv,1090,1099,1086,1086,"19,894"
2018-02-05.csv,1086,1092,1074,1077,"12,146"
2018-02-06.csv,1077,1073,1065,1072,"4,578"
2018-02-07.csv,1072,1066,1060,1066,"7,436"
2018-02-08.csv,1066,1070,1057,1065,"8,717"
2018-02-11.csv,1065,1070,1060,1070,"6,351"
2018-02-12.csv,1070,1074,1061,1062,"6,125"
2018-02-14.csv,1062,1075,1060,1068,"11,870"
2018-02-15.csv,1068,1104,1075,1104,"18,692"
2018-02-18.csv,1110,1126,1106,1112,"19,540"
2018-02-20.csv,1120,1130,1093,1100,"9,378"
2018-02-21.csv,1095,1096,1085,1095,"2,594"
2018-02-22.csv,1100,1100,1086,1090,"8,036"
2018-02-25.csv,1090,1090,1065,1070,"10,593"
2018-02-26.csv,1080,1085,1059,1059,"12,348"
2018-02-27.csv,1060,1075,1055,1068,"19,270"
2018-02-28.csv,1060,1067,1055,1060,"12,588"
2018-03-04.csv,1045,1045,1022,1034,"13,490"
2018-03-05.csv,1054,1070,1031,1035,"9,593"
2018-03-06.csv,1035,1060,1025,1050,"15,880"
2018-03-07.csv,1051,1065,1051,1060,"21,280"
2018-03-11.csv,1060,1060,1040,1044,"11,768"
2018-03-12.csv,1040,1043,1035,1043,"8,110"
2018-03-13.csv,1037,1041,1024,1030,"14,786"
2018-03-14.csv,1040,1040,1030,1030,"9,600"
2018-03-15.csv,1030,1035,1023,1023,"11,196"
2018-03-18.csv,1025,1029,1019,1025,"12,162"
2018-03-19.csv,1030,1030,1012,1015,"12,030"
2018-03-20.csv,1010,1015,998,1015,"23,717"
2018-03-21.csv,1000,1001,985,985,"20,783"
2018-03-22.csv,976,990,969,975,"20,012"
2018-03-26.csv,975,965,920,925,"16,921"
2018-03-27.csv,925,950,888,939,"25,557"
2018-03-28.csv,950,968,931,968,"23,753"
2018-03-29.csv,974,987,967,970,"18,810"
2018-04-01.csv,975,975,917,945,"15,347"
2018-04-02.csv,945,949,937,945,"8,678"
2018-04-03.csv,945,950,939,950,"11,371"
2018-04-04.csv,952,965,950,965,"16,959"
2018-04-05.csv,970,978,965,970,"27,949"
2018-04-08.csv,972,1010,972,999,"31,730"
2018-04-09.csv,1015,1030,994,994,"35,267"
2018-04-10.csv,990,1000,980,986,"11,944"
2018-04-11.csv,983,994,980,988,"8,026"
2018-04-12.csv,999,999,988,989,"14,218"
2018-04-15.csv,995,999,979,990,"13,102"
2018-04-16.csv,990,999,980,996,"8,325"
2018-04-17.csv,1000,1005,997,1002,"16,009"
2018-04-18.csv,1005,1050,999,1040,"21,999"
2018-04-19.csv,1050,1060,1041,1055,"15,695"
2018-04-22.csv,1066,1076,1058,1065,"20,691"
2018-04-23.csv,1081,1081,1050,1050,"16,208"
2018-04-24.csv,1055,1064,1032,1032,"8,229"
2018-04-25.csv,1040,1045,1030,1040,"10,589"
2018-04-26.csv,1050,1050,1020,1030,"13,380"
2018-04-29.csv,1015,1020,1002,1013,"7,378"
2018-05-02.csv,1017,1025,996,1009,"10,811"
2018-05-03.csv,1011,1025,1009,1009,"6,662"
2018-05-06.csv,1005,1006,1000,1005,"6,340"
2018-05-07.csv,1010,1010,998,999,"6,050"
2018-05-08.csv,1006,1010,997,1010,"8,831"
2018-05-09.csv,1005,1014,1003,1003,"7,968"
2018-05-10.csv,1000,1010,996,1003,"3,212"
2018-05-14.csv,1003,1004,990,1000,"8,898"
2018-05-15.csv,1000,1007,995,1002,"2,596"
2018-05-16.csv,1002,1002,999,1000,"6,058"
2018-05-17.csv,1005,1005,1001,1002,"3,295"
2018-05-20.csv,1022,1022,1000,1000,"9,372"
2018-05-21.csv,1000,1010,996,999,"6,405"
2018-05-22.csv,1000,1003,995,995,"6,365"
2018-05-23.csv,995,999,984,987,"5,655"
2018-05-24.csv,992,999,990,990,"5,307"
2018-05-27.csv,990,990,978,989,"3,069"
2018-05-28.csv,989,1012,985,1012,"4,170"
2018-05-29.csv,1007,1010,999,999,"4,198"
2018-05-30.csv,1000,1013,999,1000,"2,360"
2018-05-31.csv,1005,1005,995,1000,"3,164"
2018-06-03.csv,1000,1000,980,980,"5,913"
2018-06-04.csv,970,985,970,979,"3,875"
2018-06-06.csv,998,1000,988,990,"1,882"
2018-06-07.csv,990,990,975,975,"4,786"
2018-06-10.csv,970,970,944,956,"5,466"
2018-06-11.csv,955,975,945,955,"5,198"
2018-06-12.csv,960,960,945,955,"4,558"
2018-06-13.csv,960,960,945,955,"3,803"
2018-06-14.csv,960,963,955,958,947
2018-06-17.csv,955,959,940,942,"3,161"
2018-06-18.csv,945,955,937,943,"2,878"
2018-06-19.csv,944,944,940,941,"1,365"
2018-06-20.csv,940,945,940,940,"3,344"
2018-06-21.csv,945,945,940,942,"2,308"
2018-06-24.csv,943,943,936,942,"4,494"
2018-06-25.csv,945,945,930,932,"4,988"
2018-06-26.csv,925,931,922,928,"1,174"
2018-06-27.csv,930,935,921,930,"5,047"
2018-06-28.csv,932,955,931,931,"2,623"
2018-07-01.csv,945,945,925,928,"4,235"
2018-07-02.csv,928,928,917,920,"2,420"
2018-07-03.csv,920,926,918,920,"5,734"
2018-07-04.csv,920,920,913,917,"6,221"
2018-07-05.csv,920,928,919,924,"12,676"
2018-07-08.csv,942,953,928,940,"12,880"
2018-07-09.csv,941,941,918,918,"11,028"
2018-07-10.csv,920,926,917,917,"3,949"
2018-07-11.csv,920,928,917,918,"9,218"
2018-07-12.csv,915,922,911,912,"5,387"
2018-07-15.csv,912,920,912,920,"5,465"
2018-07-16.csv,915,921,903,921,"10,813"
2018-07-17.csv,917,917,899,900,"64,608"
2018-07-18.csv,905,905,897,900,"28,537"
2018-07-19.csv,900,905,898,900,"36,821"
2018-07-22.csv,900,900,897,900,"6,188"
2018-07-23.csv,899,900,898,900,"11,306"
2018-07-24.csv,900,905,898,899,"20,936"
2018-07-25.csv,900,900,897,897,"7,248"
2018-07-26.csv,900,908,899,905,"13,263"
2018-07-29.csv,919,919,909,910,"5,574"
2018-07-30.csv,910,913,907,909,"5,174"
2018-07-31.csv,905,910,905,905,"5,144"
2018-08-01.csv,910,910,904,908,"5,960"
2018-08-02.csv,908,909,904,906,"5,552"
2018-08-05.csv,906,907,900,905,"6,414"
2018-08-06.csv,907,907,900,903,"6,662"
2018-08-07.csv,919,919,904,904,"2,142"
2018-08-08.csv,905,910,903,904,"2,673"
2018-08-09.csv,922,922,904,909,"3,307"
2018-08-12.csv,910,910,894,900,"6,359"
2018-08-13.csv,900,907,900,907,"5,383"
2018-08-14.csv,907,907,900,907,"6,383"
2018-08-15.csv,916,940,913,935,"17,869"
2018-08-16.csv,930,966,930,957,"17,494"
2018-08-19.csv,960,965,954,959,"11,046"
2018-08-20.csv,960,960,942,948,"9,155"
2018-08-21.csv,948,947,940,940,"4,925"
2018-08-22.csv,935,945,935,945,"2,174"
2018-08-23.csv,945,945,941,945,"4,749"
2018-08-26.csv,945,948,944,945,"5,990"
2018-08-28.csv,946,950,943,949,"6,091"
2018-08-29.csv,947,949,945,947,"3,171"
2018-08-30.csv,950,952,945,947,"5,231"
2018-09-02.csv,949,952,946,950,"7,021"
2018-09-03.csv,969,970,955,964,"7,503"
2018-09-04.csv,970,971,961,966,"8,115"
2018-09-05.csv,967,974,965,970,"10,041"
2018-09-06.csv,972,984,963,965,"16,698"
2018-09-09.csv,955,974,955,970,"7,541"
2018-09-10.csv,965,967,960,964,"7,438"
2018-09-11.csv,965,969,960,966,"6,852"
2018-09-12.csv,966,967,965,965,"4,296"
2018-09-13.csv,966,970,966,968,"5,373"
2018-09-16.csv,970,974,968,969,"9,770"
2018-09-17.csv,967,970,965,968,"1,984"
2018-09-18.csv,970,970,966,968,"5,243"
2018-09-20.csv,970,970,960,962,"6,516"
2018-09-23.csv,961,964,950,961,"3,193"
2018-09-25.csv,965,965,960,965,"4,909"
2018-09-26.csv,960,969,960,966,"9,356"
2018-09-27.csv,960,970,960,961,"3,070"
2018-09-30.csv,961,961,950,950,"7,218"
2018-10-01.csv,955,956,934,945,"2,593"
2018-10-02.csv,945,950,940,945,"3,936"
2018-10-03.csv,945,945,932,942,"5,114"
2018-10-04.csv,940,958,916,944,"5,142"
2018-10-07.csv,944,944,927,927,"5,803"
2018-10-08.csv,927,944,927,929,"3,337"
2018-10-09.csv,931,939,927,930,"2,484"
2018-10-10.csv,929,932,927,930,"4,393"
2018-10-11.csv,931,937,929,931,"5,113"
2018-10-14.csv,935,939,935,938,"1,925"
2018-10-15.csv,940,956,940,953,"1,245"
2018-10-21.csv,955,955,950,953,193
2018-10-22.csv,951,959,950,951,"1,928"
2018-10-23.csv,955,960,950,960,"2,006"
2018-10-24.csv,960,970,956,962,"3,191"
2018-10-25.csv,963,963,956,956,"1,044"
2018-10-28.csv,956,956,939,942,"2,511"
2018-10-29.csv,939,945,939,940,"2,862"
2018-10-30.csv,940,945,940,940,"1,768"
2018-10-31.csv,941,952,940,952,"2,427"
2018-11-01.csv,940,949,940,946,"1,572"
2018-11-04.csv,947,947,938,940,"2,099"
2018-11-05.csv,939,940,935,938,"2,736"
2018-11-06.csv,938,900,900,946,230
2018-11-11.csv,946,946,897,911,"2,235"
2018-11-12.csv,910,911,897,904,"4,075"
2018-11-13.csv,915,921,905,919,833
2018-11-14.csv,919,920,915,919,"4,373"
2018-11-15.csv,920,940,920,926,"7,548"
2018-11-18.csv,930,930,916,916,"3,113"
2018-11-19.csv,915,918,908,917,"2,568"
2018-11-20.csv,918,918,902,902,760
2018-11-21.csv,891,906,890,906,"3,991"
2018-11-22.csv,910,915,900,900,"4,595"
2018-11-25.csv,904,904,898,898,"3,792"
2018-11-26.csv,898,898,888,888,"5,967"
2018-11-27.csv,885,899,885,889,"4,029"
2018-11-28.csv,892,900,888,889,"5,451"
2018-11-29.csv,885,890,882,882,"3,294"
2018-12-02.csv,880,880,865,865,"4,594"
2018-12-03.csv,870,875,862,863,"3,135"
2018-12-04.csv,860,860,841,860,"13,920"
2018-12-05.csv,860,860,849,851,"7,992"
2018-12-06.csv,850,850,830,850,"6,099"
2018-12-09.csv,853,856,850,852,"4,171"
2018-12-10.csv,855,860,850,853,"8,181"
2018-12-11.csv,855,860,844,855,"3,869"
2018-12-12.csv,855,860,845,851,"3,175"
2018-12-13.csv,852,855,847,847,"4,879"
2018-12-16.csv,859,859,850,853,"9,410"
2018-12-17.csv,850,869,850,862,"2,512"
2018-12-18.csv,862,862,856,858,"5,028"
2018-12-19.csv,860,860,850,850,"7,082"
2018-12-20.csv,855,860,845,851,"3,393"
2018-12-23.csv,860,870,860,870,"8,974"
2018-12-24.csv,870,876,865,868,"5,253"
2018-12-25.csv,870,870,855,862,"1,588"
2018-12-26.csv,870,870,860,864,"7,037"
2018-12-27.csv,875,880,865,865,"6,193"
2018-12-30.csv,866,877,865,866,"4,130"
2018-12-31.csv,879,879,860,860,"7,190"
2019-01-01.csv,861,863,851,851,"5,002"
2019-01-02.csv,859,859,850,850,"5,122"
2019-01-03.csv,851,855,841,841,"9,928"
2019-01-06.csv,845,848,835,837,"7,310"
2019-01-07.csv,838,840,835,835,"4,589"
2019-01-08.csv,836,839,835,837,"3,971"
2019-01-09.csv,840,840,834,834,"4,380"
2019-01-10.csv,836,848,834,835,"5,480"
2019-01-13.csv,851,851,838,838,"3,132"
2019-01-14.csv,839,844,830,836,"4,045"
2019-01-15.csv,842,842,834,842,"2,708"
2019-01-16.csv,858,858,841,845,"2,960"
2019-01-17.csv,845,845,836,844,"2,128"
2019-01-20.csv,844,850,844,850,"2,650"
2019-01-21.csv,842,848,836,843,"3,420"
2019-01-22.csv,841,845,841,842,"1,670"
2019-01-23.csv,843,850,838,838,"4,189"
2019-01-24.csv,843,843,839,840,"2,567"
2019-01-27.csv,841,841,832,838,"3,910"
2019-01-28.csv,835,837,832,834,"2,227"
2019-01-29.csv,830,835,830,830,"6,286"
2019-01-30.csv,835,841,835,837,"3,605"
2019-01-31.csv,838,844,838,841,"4,408"
2019-02-03.csv,842,845,840,841,"4,165"
2019-02-04.csv,837,838,825,829,"5,154"
2019-02-05.csv,830,835,830,830,"2,150"
2019-02-06.csv,825,829,825,828,"3,267"
2019-02-07.csv,828,835,826,831,"3,757"
2019-02-10.csv,830,830,820,824,"2,399"
2019-02-11.csv,830,830,823,825,"3,879"
2019-02-12.csv,826,830,825,825,"2,448"
2019-02-13.csv,830,830,818,822,"3,151"
2019-02-14.csv,820,825,818,818,"2,494"
2019-02-17.csv,829,829,807,807,"6,470"
2019-02-18.csv,815,815,778,783,"29,718"
2019-02-19.csv,793,795,776,793,"7,663"
2019-02-20.csv,793,793,780,789,"9,080"
2019-02-21.csv,792,803,789,803,"17,561"
2019-02-24.csv,810,810,792,795,"15,486"
2019-02-25.csv,795,799,789,794,"31,622"
2019-02-26.csv,700,700,678,687,"9,887"
2019-02-27.csv,686,689,681,687,"4,794"
2019-03-03.csv,690,691,680,682,"8,715"
2019-03-05.csv,682,690,681,683,"6,279"
2019-03-06.csv,683,688,680,686,"10,200"
2019-03-07.csv,689,690,685,688,"7,555"
2019-03-10.csv,689,691,686,691,"1,992"
2019-03-11.csv,694,700,691,696,"16,082"
2019-03-12.csv,705,720,705,720,"12,524"
2019-03-13.csv,725,731,715,715,"11,208"
2019-03-14.csv,719,720,708,715,"3,812"
2019-03-17.csv,715,730,715,722,"9,881"
2019-03-18.csv,726,730,722,722,"9,174"
2019-03-19.csv,722,724,718,723,"1,020"
2019-03-21.csv,722,722,708,710,"8,927"
2019-03-24.csv,721,721,709,712,"5,859"
2019-03-25.csv,709,716,709,712,"7,028"
2019-03-26.csv,710,712,706,712,"3,898"
2019-03-27.csv,713,715,709,709,"9,163"
2019-03-28.csv,708,719,708,714,"5,004"
2019-03-31.csv,715,717,707,712,"7,019"
2019-04-01.csv,713,714,709,712,"11,973"
2019-04-02.csv,713,718,710,717,"15,403"
2019-04-03.csv,731,731,712,724,"14,196"
2019-04-04.csv,724,728,718,727,"8,188"
2019-04-07.csv,730,732,721,732,"23,725"
2019-04-08.csv,735,755,730,740,"23,599"
2019-04-09.csv,741,750,740,743,"12,325"
2019-04-10.csv,749,749,735,740,"8,232"
2019-04-11.csv,742,743,736,736,"7,882"
2019-04-15.csv,736,746,736,746,"3,377"
2019-04-16.csv,749,773,747,766,"6,057"
2019-04-17.csv,775,780,766,773,"11,183"
2019-04-18.csv,785,810,785,810,"15,287"
2019-04-21.csv,815,867,815,866,"28,899"
2019-04-22.csv,880,900,868,880,"29,675"
2019-04-23.csv,875,890,859,881,"15,000"
2019-04-24.csv,881,894,864,878,"6,811"
2019-04-25.csv,890,895,877,880,"9,441"
2019-04-28.csv,885,891,873,873,"9,506"
2019-04-29.csv,875,880,866,868,"8,403"
2019-04-30.csv,871,871,851,856,"7,584"
2019-05-02.csv,850,855,845,847,"6,201"
2019-05-05.csv,843,844,830,835,"9,479"
2019-05-06.csv,845,855,834,851,"8,355"
2019-05-07.csv,856,869,850,850,"8,243"
2019-05-08.csv,855,855,840,846,"7,578"
2019-05-09.csv,862,862,838,841,"2,950"
2019-05-12.csv,841,845,831,841,"3,539"
2019-05-13.csv,845,855,841,844,"2,652"
2019-05-14.csv,840,850,837,848,"3,614"
2019-05-15.csv,848,860,844,851,"5,163"
2019-05-16.csv,851,858,845,845,"6,365"
2019-05-19.csv,855,855,831,843,"6,356"
2019-05-20.csv,849,849,830,830,"5,507"
2019-05-21.csv,829,840,827,840,"4,169"
2019-05-22.csv,856,856,835,841,"1,981"
2019-05-23.csv,843,845,835,841,"5,508"
2019-05-26.csv,857,857,835,840,"5,463"
2019-05-27.csv,835,840,835,840,"2,539"
2019-05-28.csv,830,844,830,836,"2,822"
2019-05-29.csv,840,840,837,840,"3,151"
2019-05-30.csv,856,882,847,847,"9,146"
2019-06-02.csv,848,848,832,834,"6,077"
2019-06-03.csv,835,835,830,833,"2,874"
2019-06-04.csv,843,843,829,829,"3,935"
2019-06-06.csv,832,832,826,828,"4,877"
2019-06-10.csv,820,842,820,826,"4,518"
2019-06-11.csv,825,826,820,822,"8,030"
2019-06-12.csv,818,823,815,820,"8,943"
2019-06-13.csv,820,834,818,827,"9,849"
2019-06-16.csv,820,822,813,814,"13,511"
2019-06-17.csv,814,816,807,816,"10,347"
2019-06-18.csv,816,816,806,814,"8,230"
2019-06-19.csv,829,829,803,814,"3,158"
2019-06-20.csv,814,814,805,812,"4,301"
2019-06-23.csv,820,820,804,805,"5,595"
2019-06-24.csv,807,808,802,808,"3,446"
2019-06-25.csv,805,810,800,810,"4,883"
2019-06-26.csv,810,810,802,804,"7,826"
2019-06-27.csv,805,815,799,800,"12,955"
2019-06-30.csv,806,806,785,785,"28,406"
2019-07-01.csv,783,785,780,785,"8,539"
2019-07-02.csv,781,785,775,784,"9,500"
2019-07-03.csv,787,799,775,795,"7,949"
2019-07-04.csv,796,800,795,798,"10,401"
2019-07-07.csv,800,805,790,790,"6,481"
2019-07-08.csv,790,790,785,787,"4,253"
2019-07-09.csv,787,806,786,806,"11,678"
2019-07-10.csv,803,815,801,811,"9,931"
2019-07-11.csv,813,824,813,823,"8,966"
2019-07-14.csv,824,827,820,825,"3,781"
2019-07-15.csv,826,833,799,799,"30,861"
2019-07-16.csv,838,838,792,800,"25,920"
2019-07-17.csv,800,814,800,813,"17,512"
2019-07-18.csv,820,820,808,812,"15,304"
2019-07-21.csv,808,810,800,801,"19,195"
2019-07-22.csv,810,819,803,805,"19,698"
2019-07-23.csv,810,810,802,808,"13,387"
2019-07-24.csv,815,815,805,812,"17,884"
2019-07-25.csv,807,811,800,805,"11,336"
2019-07-28.csv,808,808,796,797,"17,431"
2019-07-29.csv,800,805,798,803,"10,970"
2019-07-30.csv,803,805,800,801,"10,926"
2019-07-31.csv,800,805,800,800,"9,199"
2019-08-01.csv,802,805,800,801,"11,281"
2019-08-04.csv,802,803,796,799,"11,095"
2019-08-05.csv,795,800,795,800,"9,946"
2019-08-06.csv,795,795,789,790,"13,321"
2019-08-07.csv,790,795,784,790,"9,174"
2019-08-08.csv,794,796,787,790,"10,432"
2019-08-11.csv,788,788,781,784,"9,920"
2019-08-12.csv,782,788,782,783,"5,650"
2019-08-13.csv,785,785,781,782,"6,190"
2019-08-14.csv,784,784,775,779,"11,640"
2019-08-15.csv,782,785,780,784,"13,055"
2019-08-18.csv,790,790,779,779,"12,387"
2019-08-19.csv,779,784,776,778,"10,297"
2019-08-20.csv,782,782,777,778,"12,518"
2019-08-21.csv,777,779,775,778,"13,659"
2019-08-22.csv,778,781,777,777,"7,473"
2019-08-25.csv,771,780,771,776,"7,386"
2019-08-26.csv,776,776,760,775,"23,330"
2019-08-27.csv,772,780,771,778,"5,949"
2019-08-28.csv,780,790,770,770,"4,274"
2019-08-29.csv,771,775,768,770,"9,213"
2019-09-01.csv,771,772,767,769,"9,261"
2019-09-02.csv,769,769,756,758,"6,969"
2019-09-03.csv,758,775,750,774,"8,894"
2019-09-04.csv,780,781,770,777,"15,241"
2019-09-05.csv,792,792,777,780,"8,861"
2019-09-08.csv,778,781,775,776,"9,562"
2019-09-09.csv,775,778,770,776,"4,931"
2019-09-10.csv,772,775,767,769,"7,569"
2019-09-11.csv,765,772,765,772,"4,673"
2019-09-12.csv,770,771,765,770,"10,514"
2019-09-15.csv,770,775,759,759,"6,359"
2019-09-16.csv,756,756,742,742,"10,591"
2019-09-17.csv,745,772,745,750,"10,137"
2019-09-18.csv,765,780,762,775,"7,924"
2019-09-19.csv,784,784,772,775,"6,481"
2019-09-22.csv,768,770,762,765,"7,591"
2019-09-23.csv,761,768,760,760,"6,194"
2019-09-24.csv,760,760,757,760,"7,998"
2019-09-25.csv,760,765,759,759,"3,910"
2019-09-26.csv,760,762,755,759,"3,989"
2019-09-29.csv,760,760,751,752,"3,598"
2019-09-30.csv,760,760,754,760,"4,706"
2019-10-01.csv,763,777,761,772,"2,719"
2019-10-02.csv,777,780,770,772,"4,486"
2019-10-03.csv,778,778,769,769,"5,226"
2019-10-10.csv,765,773,765,770,728
2019-10-14.csv,770,770,757,765,"16,518"
2019-10-15.csv,765,765,760,763,"4,973"
2019-10-16.csv,768,768,754,762,"4,902"
2019-10-17.csv,762,765,759,760,"8,157"
2019-10-20.csv,766,766,756,757,"4,145"
2019-10-21.csv,757,764,755,758,"6,056"
2019-10-22.csv,758,762,754,756,"17,493"
2019-10-23.csv,756,765,756,762,"3,122"
2019-10-24.csv,765,768,755,768,"8,808"
2019-10-31.csv,768,768,753,761,"6,352"
2019-11-03.csv,760,760,752,760,"8,041"
2019-11-04.csv,764,780,762,768,"25,965"
2019-11-05.csv,775,777,763,770,"16,182"
2019-11-06.csv,774,774,765,768,"13,493"
2019-11-07.csv,772,772,755,755,"23,312"
2019-11-10.csv,760,763,753,755,"10,153"
2019-11-11.csv,759,765,750,753,"15,505"
2019-11-12.csv,760,760,749,750,"21,447"
2019-11-13.csv,750,755,750,750,"6,681"
2019-11-14.csv,750,754,749,749,"3,797"
2019-11-17.csv,753,755,745,755,"7,383"
2019-11-18.csv,755,756,750,755,"23,592"
2019-11-19.csv,755,755,750,753,"18,207"
2019-11-20.csv,755,760,750,750,"29,088"
2019-11-21.csv,750,750,739,740,"7,681"
2019-11-24.csv,739,742,730,730,"12,391"
2019-11-25.csv,731,732,727,730,"10,567"
2019-11-26.csv,726,735,725,730,"8,682"
2019-11-27.csv,731,735,729,732,"18,463"
2019-11-28.csv,732,733,724,725,"15,634"
2019-12-01.csv,725,730,723,723,"24,232"
2019-12-02.csv,726,726,723,725,"6,572"
2019-12-03.csv,728,730,725,725,"9,589"
2019-12-04.csv,727,729,725,725,"9,772"
2019-12-05.csv,730,737,728,730,"13,130"
2019-12-08.csv,739,739,725,729,"11,013"
2019-12-09.csv,730,749,730,736,"5,466"
2019-12-10.csv,736,745,736,743,"4,466"
2019-12-11.csv,745,750,743,747,"8,847"
2019-12-12.csv,750,751,744,749,"16,206"
2019-12-15.csv,755,755,744,744,"16,928"
2019-12-16.csv,750,750,737,737,"11,742"
2019-12-17.csv,746,747,739,743,"9,416"
2019-12-18.csv,748,750,742,748,"15,298"
2019-12-19.csv,749,755,749,753,"15,015"
2019-12-22.csv,755,760,750,756,"34,362"
2019-12-23.csv,760,762,750,750,"66,023"
2019-12-24.csv,662,670,660,667,"22,863"
2019-12-25.csv,665,669,665,669,"12,220"
2019-12-26.csv,667,677,665,676,"14,538"
2019-12-29.csv,678,679,673,674,"14,830"
2019-12-30.csv,673,687,673,675,"17,063"
2019-12-31.csv,679,682,676,681,"15,116"
2020-01-01.csv,683,690,680,690,"10,882"
2020-01-02.csv,688,690,684,685,"20,018"
2020-01-05.csv,690,699,690,697,"17,152"
2020-01-06.csv,700,715,700,713,"23,487"
2020-01-07.csv,725,734,719,722,"24,397"
2020-01-08.csv,725,725,715,721,"17,879"
2020-01-09.csv,711,723,711,716,"9,624"
2020-01-12.csv,722,728,720,726,"30,359"
2020-01-13.csv,735,749,726,730,"40,571"
2020-01-14.csv,735,735,716,730,"12,535"
2020-01-15.csv,735,743,733,740,"11,175"
2020-01-16.csv,740,759,740,751,"26,914"
2020-01-19.csv,760,766,757,764,"22,863"
2020-01-20.csv,779,780,755,761,"25,615"
2020-01-21.csv,767,767,749,755,"18,428"
2020-01-22.csv,750,756,745,745,"12,755"
2020-01-23.csv,745,745,722,727,"19,663"
2020-01-26.csv,727,727,709,712,"20,914"
2020-01-27.csv,712,729,706,720,"17,628"
2020-01-28.csv,734,735,725,725,"15,203"
2020-01-29.csv,727,732,721,724,"10,541"
2020-01-30.csv,724,737,724,736,"14,728"
2020-02-02.csv,740,754,740,752,"37,634"
2020-02-03.csv,757,758,733,738,"33,172"
2020-02-04.csv,741,744,732,739,"27,241"
2020-02-05.csv,739,739,734,734,"20,827"
2020-02-06.csv,735,740,726,726,"15,362"
2020-02-09.csv,732,732,720,721,"18,422"
2020-02-10.csv,725,727,716,720,"23,380"
2020-02-11.csv,716,730,715,723,"27,491"
2020-02-12.csv,729,729,721,722,"11,735"
2020-02-13.csv,725,727,721,723,"16,258"
2020-02-16.csv,726,726,719,724,"17,985"
2020-02-17.csv,738,757,728,750,"51,893"
2020-02-18.csv,764,765,744,753,"47,604"
2020-02-19.csv,752,753,746,751,"23,379"
2020-02-20.csv,752,755,746,755,"21,585"
2020-02-23.csv,758,804,758,790,"65,129"
2020-02-24.csv,805,821,791,800,"93,540"
2020-02-25.csv,805,814,779,814,"37,640"
2020-02-26.csv,830,875,828,870,"83,212"
2020-02-27.csv,861,955,845,955,"167,082"
2020-03-01.csv,965,1000,936,940,"163,043"
2020-03-02.csv,926,939,850,850,"68,203"
2020-03-03.csv,835,910,815,888,"150,206"
2020-03-04.csv,888,888,838,847,"107,177"
2020-03-05.csv,831,852,813,840,"78,904"
2020-03-10.csv,824,824,776,776,"60,824"
2020-03-11.csv,791,822,766,815,"83,501"
2020-03-12.csv,831,831,784,790,"65,403"
2020-03-15.csv,780,787,748,750,"70,304"
2020-03-16.csv,741,764,723,750,"55,501"
2020-03-17.csv,765,765,721,731,"46,620"
2020-03-18.csv,731,739,700,715,"43,913"
2020-03-19.csv,701,740,690,730,"55,806"
2020-03-22.csv,744,744,700,701,"15,101"
