Date,Open,High,Low,Close,Volume
2012-01-01.csv,422,430,425,427,450
2012-01-02.csv,427,436,420,436,"1,055"
2012-01-03.csv,436,435,430,435,"1,270"
2012-01-04.csv,435,437,425,425,"2,020"
2012-01-05.csv,425,435,420,435,"1,040"
2012-01-08.csv,435,434,427,427,"1,885"
2012-01-09.csv,427,437,424,430,"2,855"
2012-01-10.csv,435,446,435,438,"2,310"
2012-01-11.csv,438,440,433,439,"2,800"
2012-01-12.csv,439,440,438,439,650
2012-01-16.csv,439,443,440,443,"2,205"
2012-01-17.csv,443,448,448,448,100
2012-01-18.csv,448,450,440,440,"1,100"
2012-01-19.csv,440,440,438,438,"1,260"
2012-01-22.csv,438,444,435,444,385
2012-01-23.csv,444,438,435,437,875
2012-01-25.csv,437,438,434,436,980
2012-01-26.csv,436,436,436,436,"1,490"
2012-01-29.csv,436,439,432,436,"6,345"
2012-01-31.csv,436,439,434,436,950
2012-02-01.csv,436,439,434,439,410
2012-02-02.csv,439,438,431,438,"2,000"
2012-02-05.csv,438,435,435,435,600
2012-02-06.csv,435,436,433,433,"4,205"
2012-02-07.csv,433,438,433,433,"2,280"
2012-02-08.csv,433,436,431,434,"2,770"
2012-02-09.csv,434,436,433,435,"1,090"
2012-02-12.csv,435,435,433,433,"2,375"
2012-02-13.csv,433,437,433,435,"1,630"
2012-02-14.csv,435,437,435,435,"1,965"
2012-02-15.csv,435,437,435,436,"4,900"
2012-02-16.csv,436,441,438,441,855
2012-02-21.csv,441,443,441,441,"1,835"
2012-02-23.csv,441,446,444,445,"10,500"
2012-02-26.csv,445,444,440,444,"2,700"
2012-02-27.csv,444,447,443,445,"1,260"
2012-02-28.csv,445,453,445,447,"3,350"
2012-02-29.csv,447,449,447,449,"1,195"
2012-03-01.csv,449,452,447,452,"2,660"
2012-03-04.csv,452,453,447,447,"1,640"
2012-03-05.csv,447,452,448,448,"1,375"
2012-03-06.csv,448,447,447,447,445
2012-03-11.csv,447,453,447,452,"4,930"
2012-03-12.csv,452,454,447,449,"5,030"
2012-03-13.csv,449,451,445,450,"10,610"
2012-03-14.csv,450,453,448,450,"2,655"
2012-03-15.csv,450,455,448,448,"2,280"
2012-03-18.csv,448,440,404,405,"2,055"
2012-03-19.csv,405,406,404,404,600
2012-03-20.csv,404,405,400,400,"1,200"
2012-03-21.csv,400,405,404,405,640
2012-03-25.csv,405,407,404,406,"1,070"
2012-03-26.csv,406,405,401,405,800
2012-03-27.csv,405,406,401,406,"1,160"
2012-03-28.csv,406,408,405,406,520
2012-03-29.csv,406,406,400,400,715
2012-04-01.csv,400,403,402,402,450
2012-04-02.csv,402,403,402,402,930
2012-04-03.csv,402,403,401,401,700
2012-04-04.csv,401,403,396,402,"1,135"
2012-04-05.csv,402,404,404,404,100
2012-04-08.csv,404,404,404,404,795
2012-04-09.csv,404,406,404,404,"2,290"
2012-04-10.csv,404,406,402,404,"2,710"
2012-04-11.csv,404,414,406,407,"2,200"
2012-04-12.csv,407,416,405,414,"2,945"
2012-04-15.csv,414,430,415,430,"2,375"
2012-04-16.csv,430,473,438,473,"1,140"
2012-04-17.csv,473,510,438,438,"8,720"
2012-04-18.csv,438,462,436,452,"8,350"
2012-04-19.csv,452,465,450,455,"3,590"
2012-04-22.csv,455,466,458,466,"5,165"
2012-04-24.csv,466,483,475,476,"1,125"
2012-04-25.csv,476,494,485,486,"1,230"
2012-04-26.csv,486,530,468,521,"13,900"
2012-04-29.csv,521,525,491,520,"7,160"
2012-04-30.csv,520,510,490,495,"5,790"
2012-05-02.csv,495,486,450,450,"1,435"
2012-05-03.csv,450,459,459,459,30
2012-05-07.csv,459,499,481,499,310
2012-05-08.csv,499,520,500,508,"15,200"
2012-05-09.csv,508,508,491,500,"7,710"
2012-05-10.csv,500,505,476,495,"3,970"
2012-05-13.csv,495,486,463,473,"6,395"
2012-05-14.csv,473,470,457,464,"4,650"
2012-05-15.csv,464,473,473,473,50
2012-05-16.csv,473,520,482,520,"1,280"
2012-05-17.csv,520,540,502,507,"4,810"
2012-05-20.csv,507,501,479,490,"1,260"
2012-05-21.csv,490,500,490,498,"2,675"
2012-05-22.csv,498,500,485,485,"1,530"
2012-05-23.csv,485,476,460,460,"1,540"
2012-05-24.csv,460,488,462,481,"1,545"
2012-05-27.csv,481,501,479,501,"4,270"
2012-05-29.csv,501,491,451,451,"1,290"
2012-05-30.csv,451,443,427,438,"8,335"
2012-05-31.csv,438,472,435,451,"3,540"
2012-06-03.csv,451,496,460,488,"1,240"
2012-06-04.csv,488,479,461,472,"1,900"
2012-06-05.csv,472,470,460,465,805
2012-06-06.csv,465,462,456,457,"2,320"
2012-06-07.csv,457,474,463,463,785
2012-06-10.csv,463,465,458,461,"1,100"
2012-06-11.csv,461,467,460,465,"1,450"
2012-06-12.csv,465,474,465,468,450
2012-06-13.csv,468,467,459,464,"1,885"
2012-06-14.csv,464,465,465,465,855
2012-06-17.csv,465,465,458,460,"2,395"
2012-06-18.csv,460,465,452,464,"2,060"
2012-06-19.csv,464,464,455,463,"5,635"
2012-06-20.csv,463,469,458,462,"1,000"
2012-06-21.csv,462,463,454,460,"1,810"
2012-06-25.csv,460,474,455,472,"4,710"
2012-06-26.csv,472,470,465,465,"1,870"
2012-06-27.csv,465,470,452,470,"2,460"
2012-06-28.csv,470,480,466,480,"2,970"
2012-07-01.csv,480,475,470,470,"1,630"
2012-07-02.csv,470,472,470,472,"1,245"
2012-07-03.csv,472,475,465,471,"1,300"
2012-07-04.csv,471,489,470,475,"3,155"
2012-07-05.csv,475,481,475,475,345
2012-07-08.csv,475,486,475,480,"6,960"
2012-07-09.csv,480,497,480,490,"5,285"
2012-07-10.csv,490,501,491,498,"6,815"
2012-07-11.csv,498,491,489,490,"1,700"
2012-07-12.csv,490,490,481,490,"4,260"
2012-07-15.csv,490,503,489,503,"1,190"
2012-07-16.csv,503,493,489,490,730
2012-07-17.csv,490,492,473,490,"1,180"
2012-07-18.csv,490,501,490,500,"6,145"
2012-07-19.csv,500,511,503,505,"4,340"
2012-07-22.csv,505,528,510,525,"5,625"
2012-07-23.csv,525,540,525,526,"5,950"
2012-07-24.csv,526,530,511,530,"3,320"
2012-07-25.csv,530,540,524,524,"1,810"
2012-07-26.csv,524,523,519,520,"1,540"
2012-07-29.csv,520,520,510,510,"1,170"
2012-07-30.csv,510,525,511,525,"2,430"
2012-07-31.csv,525,521,518,521,"7,925"
2012-08-01.csv,521,525,515,525,"3,835"
2012-08-05.csv,525,530,515,525,"2,380"
2012-08-06.csv,525,525,520,523,"3,440"
2012-08-07.csv,523,528,525,528,"2,070"
2012-08-08.csv,528,530,525,530,"2,470"
2012-08-12.csv,530,532,525,531,"5,735"
2012-08-13.csv,531,535,527,535,"8,300"
2012-08-14.csv,535,537,533,537,"4,970"
2012-08-15.csv,537,535,530,534,"7,080"
2012-08-16.csv,534,535,530,534,"2,710"
2012-08-19.csv,534,538,530,530,"3,770"
2012-08-21.csv,530,540,530,537,"3,845"
2012-08-22.csv,537,541,535,541,"7,745"
2012-08-23.csv,541,545,541,545,"2,790"
2012-08-26.csv,545,559,540,559,"6,420"
2012-08-27.csv,559,594,559,594,"31,065"
2012-08-28.csv,594,612,588,593,"28,455"
2012-08-29.csv,593,590,580,587,"4,810"
2012-08-30.csv,587,596,581,586,"1,305"
2012-09-02.csv,586,590,578,590,"5,355"
2012-09-03.csv,590,600,581,588,"2,770"
2012-09-04.csv,588,590,579,581,"3,680"
2012-09-05.csv,581,579,575,577,"1,920"
2012-09-06.csv,577,585,569,575,"4,340"
2012-09-09.csv,575,573,564,573,"2,320"
2012-09-10.csv,573,573,562,570,"9,945"
2012-09-11.csv,570,579,570,575,"2,660"
2012-09-12.csv,575,584,572,584,"3,340"
2012-09-13.csv,584,595,575,595,"2,630"
2012-09-16.csv,595,601,585,589,"5,280"
2012-09-17.csv,589,595,587,592,"6,100"
2012-09-18.csv,592,600,591,596,"9,170"
2012-09-19.csv,596,599,591,594,"1,810"
2012-09-20.csv,594,600,588,600,"3,900"
2012-09-23.csv,600,591,580,588,"6,225"
2012-09-24.csv,588,594,585,594,"6,245"
2012-09-25.csv,594,599,593,593,"2,695"
2012-09-26.csv,593,604,594,596,"5,205"
2012-09-30.csv,606,614,601,610,"5,360"
2012-10-01.csv,610,618,610,618,"13,400"
2012-10-01.csv,610,618,610,618,"13,400"
2012-10-02.csv,618,623,616,621,"7,390"
2012-10-03.csv,621,627,621,626,"10,770"
2012-10-04.csv,626,663,620,660,"25,830"
2012-10-07.csv,660,690,664,664,"16,030"
2012-10-08.csv,664,670,650,650,"5,925"
2012-10-09.csv,650,668,650,655,"11,280"
2012-10-10.csv,655,653,648,648,"5,920"
2012-10-11.csv,648,655,642,650,"3,555"
2012-10-14.csv,650,652,645,652,"5,265"
2012-10-15.csv,652,651,646,647,"3,380"
2012-10-17.csv,647,663,647,660,"6,010"
2012-10-18.csv,660,677,655,675,"3,520"
2012-10-30.csv,675,687,669,687,"2,720"
2012-10-31.csv,687,681,670,672,"6,185"
2012-11-01.csv,672,674,662,662,"7,445"
2012-11-04.csv,662,667,660,667,"5,765"
2012-11-05.csv,667,679,661,667,"6,170"
2012-11-06.csv,667,671,665,670,"7,770"
2012-11-07.csv,670,680,665,671,"12,870"
2012-11-08.csv,671,688,668,670,"7,090"
2012-11-11.csv,670,673,657,673,"5,310"
2012-11-12.csv,673,671,651,664,"2,730"
2012-11-18.csv,664,680,660,671,"5,210"
2012-11-20.csv,671,679,670,670,"3,360"
2012-11-21.csv,670,670,655,668,"7,290"
2012-11-22.csv,668,670,660,667,"4,625"
2012-11-25.csv,667,680,666,670,"5,850"
2012-11-26.csv,670,669,663,667,"3,770"
2012-11-27.csv,667,670,660,664,"12,155"
2012-11-28.csv,664,662,657,660,"4,895"
2012-11-29.csv,660,678,656,660,"2,835"
2012-12-02.csv,660,659,653,658,"2,625"
2012-12-03.csv,658,660,652,660,"2,455"
2012-12-04.csv,660,671,660,665,"5,305"
2012-12-05.csv,665,670,661,665,"3,985"
2012-12-06.csv,665,665,656,665,"2,420"
2012-12-09.csv,665,660,648,652,"6,235"
2012-12-10.csv,652,648,640,645,"8,090"
2012-12-11.csv,645,655,650,650,"4,410"
2012-12-12.csv,650,658,654,655,"2,300"
2012-12-13.csv,655,660,655,660,"3,085"
2012-12-16.csv,660,671,662,670,"5,860"
2012-12-17.csv,670,669,661,662,"2,895"
2012-12-18.csv,662,665,660,665,"2,920"
2012-12-19.csv,665,665,657,658,"1,890"
2012-12-20.csv,658,666,650,659,"5,780"
2012-12-23.csv,659,668,651,655,"2,320"
2012-12-24.csv,655,659,650,659,"5,585"
2012-12-26.csv,659,674,659,666,"6,795"
2012-12-27.csv,666,674,662,664,"6,770"
2012-12-31.csv,664,663,655,660,"4,210"
2013-01-01.csv,660,665,658,663,"4,545"
2013-01-02.csv,663,665,657,665,"4,530"
2013-01-03.csv,665,666,655,661,"5,160"
2013-01-06.csv,661,665,660,663,"1,520"
2013-01-07.csv,663,663,655,660,"2,350"
2013-01-08.csv,660,661,651,661,"1,695"
2013-01-09.csv,661,655,640,654,"5,920"
2013-01-10.csv,654,663,655,660,"2,160"
2013-01-13.csv,660,665,656,665,"5,520"
2013-01-15.csv,665,663,650,657,"6,110"
2013-01-16.csv,657,660,656,660,"1,610"
2013-01-17.csv,660,655,652,655,"1,630"
2013-01-20.csv,655,652,649,650,"3,505"
2013-01-21.csv,650,659,651,659,"1,050"
2013-01-22.csv,659,662,650,662,"1,400"
2013-01-23.csv,662,658,650,655,"3,935"
2013-01-24.csv,655,654,650,651,"4,490"
2013-01-28.csv,648,655,650,653,"1,750"
2013-01-30.csv,653,655,645,651,"5,920"
2013-01-31.csv,651,652,647,650,"2,240"
2013-02-03.csv,650,658,650,650,"4,100"
2013-02-04.csv,650,651,645,650,"2,470"
2013-02-05.csv,650,654,644,651,"5,570"
2013-02-06.csv,651,651,648,650,"1,530"
2013-02-07.csv,650,652,648,652,"3,945"
2013-02-10.csv,652,650,640,642,"5,070"
2013-02-12.csv,642,660,646,659,"6,650"
2013-02-13.csv,659,655,650,652,"2,130"
2013-02-14.csv,652,654,648,648,"2,290"
2013-02-17.csv,648,675,660,660,"4,700"
2013-02-19.csv,660,673,655,658,"8,010"
2013-02-20.csv,658,657,648,650,"1,250"
2013-02-21.csv,650,654,643,652,"14,810"
2013-02-24.csv,652,647,639,646,"1,600"
2013-02-25.csv,646,660,649,650,"2,910"
2013-02-26.csv,650,657,650,655,"5,500"
2013-02-27.csv,655,650,645,650,"3,710"
2013-02-28.csv,650,648,646,646,"1,900"
2013-03-03.csv,646,650,646,649,"2,945"
2013-03-04.csv,649,650,640,640,"1,850"
2013-03-05.csv,640,643,640,641,"2,230"
2013-03-06.csv,641,650,640,640,"4,505"
2013-03-07.csv,640,645,638,641,"3,050"
2013-03-11.csv,641,649,640,642,"8,015"
2013-03-13.csv,642,645,640,644,"2,990"
2013-03-14.csv,644,656,641,650,"5,955"
2013-03-17.csv,650,637,604,604,750
2013-03-18.csv,604,610,601,601,"2,330"
2013-03-19.csv,601,604,597,597,"1,455"
2013-03-21.csv,597,602,600,602,200
2013-03-24.csv,602,590,586,589,700
2013-03-25.csv,589,590,580,585,"1,085"
2013-03-27.csv,585,587,574,587,"2,360"
2013-03-28.csv,587,581,570,575,"4,340"
2013-03-31.csv,575,580,571,580,560
2013-04-01.csv,580,576,570,576,"1,830"
2013-04-02.csv,576,580,575,580,"1,720"
2013-04-03.csv,580,585,574,578,510
2013-04-04.csv,578,571,570,571,500
2013-04-07.csv,571,580,563,580,480
2013-04-08.csv,580,575,570,570,620
2013-04-09.csv,570,575,570,574,"4,500"
2013-04-11.csv,574,599,577,585,"1,500"
2013-04-15.csv,585,575,575,575,100
2013-04-16.csv,575,581,566,581,"4,785"
2013-04-17.csv,581,582,568,582,"15,490"
2013-04-18.csv,582,588,562,588,"5,100"
2013-04-22.csv,588,577,558,558,450
2013-04-23.csv,558,575,548,553,"2,330"
2013-04-25.csv,553,570,557,570,340
2013-04-28.csv,570,579,557,568,430
2013-04-29.csv,568,560,547,550,"3,035"
2013-04-30.csv,550,555,545,547,"3,205"
2013-05-02.csv,547,560,529,539,"1,635"
2013-05-05.csv,539,548,535,537,"1,255"
2013-05-06.csv,537,545,533,535,"2,310"
2013-05-07.csv,535,550,533,540,"3,095"
2013-05-08.csv,540,535,530,532,"12,685"
2013-05-09.csv,532,537,527,534,"2,380"
2013-05-12.csv,534,544,526,526,860
2013-05-13.csv,526,534,517,534,"10,555"
2013-05-14.csv,534,558,535,535,995
2013-05-15.csv,535,550,535,535,"3,180"
2013-05-16.csv,535,548,538,545,"11,680"
2013-05-19.csv,545,548,535,540,"1,360"
2013-05-20.csv,540,542,540,540,"1,620"
2013-05-21.csv,540,548,538,548,"1,090"
2013-05-22.csv,548,539,538,539,670
2013-05-23.csv,539,539,534,534,"1,820"
2013-05-26.csv,534,535,531,535,750
2013-05-27.csv,535,550,535,539,"4,810"
2013-05-28.csv,539,542,535,535,585
2013-05-30.csv,535,536,531,536,"2,685"
2013-06-02.csv,536,534,531,532,"1,100"
2013-06-03.csv,532,536,534,534,550
2013-06-04.csv,534,536,530,536,"2,100"
2013-06-05.csv,536,535,535,535,650
2013-06-06.csv,535,535,533,535,"1,510"
2013-06-09.csv,535,540,529,535,"2,770"
2013-06-10.csv,535,528,522,528,850
2013-06-11.csv,528,528,525,525,"2,770"
2013-06-12.csv,525,527,522,525,"2,130"
2013-06-13.csv,525,525,523,525,"1,660"
2013-06-16.csv,525,525,525,525,900
2013-06-18.csv,525,524,522,523,900
2013-06-19.csv,523,522,518,520,"2,330"
2013-06-20.csv,520,520,514,520,"1,150"
2013-06-23.csv,520,518,515,518,"1,780"
2013-06-24.csv,518,518,515,516,900
2013-06-25.csv,516,525,516,523,"2,110"
2013-06-26.csv,523,533,525,530,"8,620"
2013-06-27.csv,530,540,530,530,"5,110"
2013-06-30.csv,530,530,520,530,"6,150"
2013-07-01.csv,530,540,528,530,870
2013-07-02.csv,530,530,526,530,"3,900"
2013-07-03.csv,530,535,526,532,"6,035"
2013-07-04.csv,532,530,529,530,"4,370"
2013-07-07.csv,530,533,528,530,"7,550"
2013-07-08.csv,530,559,530,559,"1,240"
2013-07-09.csv,559,561,561,561,50
2013-07-10.csv,561,550,530,530,"1,110"
2013-07-11.csv,530,550,532,550,330
2013-07-14.csv,550,570,550,570,380
2013-07-15.csv,570,596,581,596,110
2013-07-16.csv,596,585,540,542,"2,865"
2013-07-17.csv,542,552,539,539,520
2013-07-18.csv,539,550,539,550,"2,240"
2013-07-21.csv,550,561,550,554,"3,505"
2013-07-22.csv,554,560,551,551,835
2013-07-23.csv,551,550,545,545,470
2013-07-24.csv,545,550,538,538,"1,010"
2013-07-25.csv,538,539,536,539,"1,850"
2013-07-28.csv,539,542,533,541,"4,790"
2013-07-29.csv,541,554,544,554,"4,610"
2013-07-30.csv,554,564,550,564,"1,865"
2013-07-31.csv,564,564,554,561,"4,415"
2013-08-01.csv,561,560,555,558,"6,080"
2013-08-04.csv,558,557,551,557,"6,260"
2013-08-05.csv,557,560,551,552,"5,610"
2013-08-06.csv,552,554,550,552,"3,870"
2013-08-07.csv,552,554,551,554,"2,015"
2013-08-08.csv,554,555,550,555,"4,925"
2013-08-11.csv,555,557,552,553,"1,220"
2013-08-12.csv,553,552,551,552,580
2013-08-13.csv,552,562,550,551,"8,380"
2013-08-14.csv,551,554,550,551,"1,490"
2013-08-15.csv,551,553,552,552,"8,655"
2013-08-18.csv,552,560,551,555,"3,385"
2013-08-19.csv,555,558,544,556,"4,320"
2013-08-20.csv,556,567,554,567,"9,280"
2013-08-25.csv,567,571,565,571,"3,155"
2013-08-26.csv,571,580,569,570,"4,540"
2013-08-27.csv,570,591,573,581,"3,870"
2013-08-29.csv,581,576,570,572,"8,055"
2013-09-01.csv,572,590,566,583,"28,100"
2013-09-02.csv,583,580,575,575,"2,980"
2013-09-03.csv,575,576,573,576,"7,500"
2013-09-04.csv,576,575,574,575,"1,420"
2013-09-05.csv,575,572,562,570,"1,435"
2013-09-08.csv,570,572,565,570,"1,620"
2013-09-09.csv,570,575,565,565,"18,025"
2013-09-10.csv,565,565,560,565,"2,640"
2013-09-11.csv,565,576,562,565,"3,560"
2013-09-12.csv,565,570,565,565,"1,010"
2013-09-15.csv,565,565,563,563,"3,445"
2013-09-16.csv,563,570,564,564,"4,270"
2013-09-17.csv,564,565,560,565,"1,210"
2013-09-19.csv,565,563,561,563,"2,625"
2013-09-22.csv,563,565,564,564,"3,030"
2013-09-23.csv,564,565,560,562,"2,345"
2013-09-24.csv,562,561,560,560,"2,600"
2013-09-25.csv,560,565,560,565,"7,065"
2013-09-26.csv,565,565,560,561,"1,995"
2013-09-29.csv,561,568,560,568,"1,200"
2013-09-30.csv,568,576,559,576,"4,080"
2013-10-01.csv,576,581,570,572,"12,130"
2013-10-02.csv,572,569,562,569,"2,100"
2013-10-03.csv,569,578,562,578,"1,000"
2013-10-06.csv,578,589,575,589,"9,190"
2013-10-07.csv,589,591,575,591,"2,665"
2013-10-08.csv,591,586,575,580,"2,095"
2013-10-09.csv,580,595,570,595,"21,085"
2013-10-10.csv,595,601,599,601,280
2013-10-17.csv,601,610,601,607,"1,030"
2013-10-20.csv,607,622,600,610,"4,095"
2013-10-21.csv,610,614,607,614,"7,275"
2013-10-22.csv,612,613,600,605,"3,990"
2013-10-23.csv,605,614,602,608,"2,135"
2013-10-24.csv,608,610,607,610,"6,150"
2013-10-27.csv,610,611,600,605,770
2013-10-28.csv,605,601,599,599,700
2013-10-29.csv,599,602,595,600,"11,600"
2013-10-30.csv,600,597,596,597,420
2013-10-31.csv,597,601,598,601,485
2013-11-06.csv,601,606,595,603,"2,090"
2013-11-07.csv,603,600,600,600,200
2013-11-10.csv,600,600,600,600,"1,425"
2013-11-11.csv,600,615,603,615,"1,250"
2013-11-12.csv,612,626,610,620,"1,520"
2013-11-13.csv,618,622,608,608,"3,680"
2013-11-14.csv,608,620,605,615,"6,440"
2013-11-21.csv,615,676,627,659,"3,360"
2013-11-24.csv,659,685,650,654,"6,890"
2013-11-25.csv,654,644,640,640,"1,890"
2013-11-26.csv,640,645,630,640,"3,735"
2013-11-27.csv,640,637,628,637,250
2013-11-28.csv,637,628,620,620,"2,330"
2013-12-01.csv,620,620,612,620,"4,245"
2013-12-02.csv,620,625,618,620,"4,060"
2013-12-03.csv,620,638,616,638,"19,025"
2013-12-04.csv,638,665,640,650,"11,135"
2013-12-05.csv,650,689,649,667,"11,640"
2013-12-08.csv,667,667,633,654,"5,530"
2013-12-09.csv,654,650,635,643,"7,400"
2013-12-10.csv,643,645,635,640,"5,060"
2013-12-11.csv,640,644,639,643,"3,400"
2013-12-12.csv,643,648,640,647,"4,570"
2013-12-15.csv,647,663,640,652,"4,265"
2013-12-16.csv,652,678,640,670,"8,020"
2013-12-18.csv,670,714,680,700,"8,370"
2013-12-19.csv,700,704,660,701,"23,155"
2013-12-22.csv,701,698,674,698,"11,220"
2013-12-23.csv,698,689,665,665,"20,785"
2013-12-24.csv,665,684,645,680,"10,235"
2013-12-26.csv,680,700,680,680,"4,800"
2013-12-29.csv,680,678,660,670,"11,210"
2013-12-31.csv,670,670,660,669,"4,310"
2014-01-01.csv,669,666,653,655,"9,530"
2014-01-02.csv,655,673,645,668,"18,765"
2014-01-05.csv,668,665,650,660,"15,190"
2014-01-06.csv,660,669,658,661,"5,420"
2014-01-07.csv,661,665,655,664,"22,245"
2014-01-08.csv,664,676,664,670,"33,665"
2014-01-09.csv,670,671,666,671,"7,465"
2014-01-12.csv,671,680,660,667,"13,685"
2014-01-13.csv,667,669,665,667,"2,850"
2014-01-14.csv,667,670,663,670,"12,795"
2014-01-16.csv,670,688,670,680,"6,985"
2014-01-19.csv,680,681,673,675,"4,475"
2014-01-20.csv,675,684,675,680,"11,240"
2014-01-21.csv,680,678,670,678,"5,300"
2014-01-22.csv,678,680,670,673,"7,370"
2014-01-23.csv,673,683,672,675,"5,240"
2014-01-26.csv,675,678,665,676,"2,870"
2014-01-27.csv,676,678,672,675,"8,805"
2014-01-28.csv,675,679,675,675,"7,660"
2014-01-29.csv,675,675,665,675,"1,800"
2014-02-02.csv,675,675,670,673,"4,490"
2014-02-03.csv,673,670,662,662,"1,060"
2014-02-04.csv,662,679,664,679,"7,060"
2014-02-06.csv,680,675,667,672,"3,120"
2014-02-09.csv,672,676,670,675,"6,280"
2014-02-10.csv,675,710,662,680,"13,905"
2014-02-11.csv,680,674,668,673,"2,535"
2014-02-12.csv,673,676,669,674,"3,630"
2014-02-13.csv,674,688,673,675,"3,945"
2014-02-16.csv,675,675,661,675,"3,060"
2014-02-17.csv,675,675,668,673,"7,390"
2014-02-18.csv,673,673,667,673,"5,760"
2014-02-20.csv,673,676,660,675,"8,985"
2014-02-23.csv,675,679,667,667,"2,540"
2014-02-24.csv,667,680,665,670,"11,530"
2014-02-25.csv,670,675,667,670,"4,250"
2014-02-26.csv,670,696,666,696,"1,575"
2014-03-03.csv,696,683,683,683,50
2014-03-04.csv,683,682,659,670,"3,145"
2014-03-05.csv,670,674,668,670,"1,215"
2014-03-06.csv,670,671,667,669,"3,695"
2014-03-09.csv,669,665,661,665,"4,360"
2014-03-10.csv,665,671,657,660,"1,810"
2014-03-11.csv,660,672,660,665,"6,390"
2014-03-12.csv,665,661,656,656,"2,200"
2014-03-13.csv,656,661,658,661,"11,370"
2014-03-17.csv,661,661,656,659,"2,060"
2014-03-18.csv,659,655,647,647,"2,550"
2014-03-19.csv,647,660,640,655,"9,250"
2014-03-20.csv,655,656,650,654,"4,870"
2014-03-23.csv,654,665,641,656,"34,000"
2014-03-24.csv,656,660,656,660,"1,185"
2014-03-25.csv,660,660,647,654,"2,000"
2014-03-26.csv,654,656,655,656,"1,300"
2014-03-27.csv,656,660,655,658,"7,480"
2014-03-31.csv,658,665,652,658,"1,830"
2014-04-01.csv,658,660,653,660,"2,050"
2014-04-02.csv,660,661,654,661,"8,430"
2014-04-03.csv,661,661,656,660,"2,520"
2014-04-06.csv,660,655,654,655,"2,050"
2014-04-07.csv,655,656,650,650,"3,945"
2014-04-09.csv,650,655,650,655,"3,305"
2014-04-10.csv,655,670,655,669,"3,590"
2014-04-13.csv,669,680,655,679,"14,770"
2014-04-15.csv,679,670,655,670,"1,315"
2014-04-16.csv,670,660,655,655,"1,620"
2014-04-17.csv,655,654,650,652,"1,570"
2014-04-20.csv,652,658,650,655,"3,065"
2014-04-21.csv,655,655,653,655,"1,190"
2014-04-22.csv,655,665,650,660,"1,690"
2014-04-23.csv,660,665,652,655,880
2014-04-27.csv,655,650,650,650,"1,460"
2014-04-28.csv,650,650,646,646,970
2014-04-29.csv,646,649,635,649,"1,435"
2014-04-30.csv,649,660,642,653,600
2014-05-04.csv,653,650,640,650,"1,365"
2014-05-05.csv,650,660,649,660,"3,455"
2014-05-06.csv,660,665,649,650,"5,475"
2014-05-07.csv,650,663,650,650,"7,815"
2014-05-08.csv,650,663,650,650,"1,820"
2014-05-11.csv,650,655,650,655,"2,010"
2014-05-12.csv,655,661,650,661,"2,705"
2014-05-13.csv,661,655,650,655,"3,960"
2014-05-15.csv,655,670,657,670,"4,985"
2014-05-15.csv,655,670,657,670,"4,985"
2014-05-18.csv,670,668,658,660,"1,850"
2014-05-19.csv,660,654,651,651,"2,170"
2014-05-20.csv,651,655,650,650,"1,035"
2014-05-21.csv,650,660,655,658,"2,365"
2014-05-22.csv,658,669,660,667,"13,080"
2014-05-25.csv,667,670,659,665,"11,005"
2014-05-26.csv,665,670,661,670,"2,220"
2014-05-27.csv,670,667,661,662,"2,700"
2014-05-28.csv,662,665,655,664,"3,590"
2014-06-01.csv,664,660,648,648,"3,900"
2014-06-02.csv,648,660,655,660,"5,525"
2014-06-03.csv,660,670,660,663,"7,100"
2014-06-04.csv,663,666,657,662,"2,510"
2014-06-05.csv,662,670,652,660,"3,805"
2014-06-08.csv,660,665,655,664,810
2014-06-09.csv,664,660,650,650,"10,120"
2014-06-10.csv,650,663,645,655,"6,010"
2014-06-11.csv,655,670,639,655,"21,120"
2014-06-12.csv,655,653,644,650,"13,225"
2014-06-16.csv,650,639,605,610,"3,555"
2014-06-17.csv,610,620,611,615,"1,925"
2014-06-17.csv,610,620,611,615,"1,925"
2014-06-18.csv,615,615,613,615,"1,525"
2014-06-19.csv,615,610,600,602,"7,890"
2014-06-23.csv,602,601,598,600,"1,545"
2014-06-24.csv,600,602,590,602,650
2014-06-25.csv,602,604,598,600,"4,675"
2014-06-26.csv,600,605,590,605,"2,700"
2014-06-29.csv,605,600,595,595,"1,590"
2014-06-30.csv,595,595,585,588,"5,000"
2014-07-01.csv,588,591,585,585,"9,545"
2014-07-02.csv,585,593,580,593,"13,760"
2014-07-03.csv,593,600,588,600,"6,185"
2014-07-06.csv,600,623,596,623,"10,790"
2014-07-07.csv,623,623,605,615,"2,510"
2014-07-08.csv,615,627,615,620,"2,565"
2014-07-09.csv,620,615,609,609,"3,625"
2014-07-10.csv,609,621,600,615,"10,250"
2014-07-13.csv,615,654,620,638,"14,100"
2014-07-14.csv,638,658,631,637,"6,340"
2014-07-15.csv,637,649,635,635,"2,135"
2014-07-16.csv,635,656,639,656,"3,095"
2014-07-17.csv,656,650,640,644,"9,440"
2014-07-20.csv,644,656,640,645,"1,470"
2014-07-21.csv,645,645,630,643,"2,750"
2014-07-22.csv,643,655,630,636,"8,380"
2014-07-23.csv,636,646,630,642,"17,960"
2014-07-24.csv,642,642,620,642,"5,180"
2014-07-27.csv,642,640,625,635,"12,215"
2014-07-28.csv,635,635,615,635,"5,940"
2014-07-30.csv,635,638,631,635,"7,700"
2014-07-31.csv,635,652,635,641,"9,185"
2014-08-03.csv,641,652,635,646,"10,175"
2014-08-04.csv,646,650,640,643,"10,660"
2014-08-05.csv,643,649,640,645,"11,510"
2014-08-06.csv,645,645,635,642,"10,645"
2014-08-07.csv,642,645,640,640,"15,315"
2014-08-12.csv,640,649,640,640,"15,975"
2014-08-13.csv,640,647,640,640,"14,605"
2014-08-14.csv,640,647,641,642,"4,420"
2014-08-18.csv,642,643,641,641,"6,610"
2014-08-19.csv,641,643,640,640,"5,240"
2014-08-20.csv,640,640,635,638,"6,850"
2014-08-21.csv,638,638,626,636,"9,320"
2014-08-24.csv,636,640,626,635,"5,010"
2014-08-25.csv,635,630,625,630,"9,190"
2014-08-26.csv,630,625,618,622,"8,695"
2014-08-27.csv,622,646,625,628,"7,550"
2014-08-28.csv,628,634,616,634,"5,150"
2014-08-31.csv,634,642,627,630,"14,020"
2014-09-01.csv,630,635,627,630,"7,895"
2014-09-03.csv,630,631,625,625,"1,940"
2014-09-04.csv,625,625,611,625,"3,035"
2014-09-07.csv,625,620,598,610,"6,980"
2014-09-09.csv,610,625,602,625,"5,625"
2014-09-10.csv,625,640,625,630,"7,530"
2014-09-11.csv,630,631,620,631,"3,895"
2014-09-14.csv,631,625,610,615,920
2014-09-15.csv,615,615,610,615,"2,500"
2014-09-16.csv,615,614,610,614,580
2014-09-17.csv,614,620,610,612,"1,830"
2014-09-18.csv,612,611,600,610,"2,435"
2014-09-21.csv,610,621,595,619,"3,060"
2014-09-22.csv,619,620,607,615,"2,060"
2014-09-23.csv,615,616,615,615,"1,060"
2014-09-24.csv,615,617,602,615,"2,010"
2014-09-28.csv,615,612,612,612,500
2014-09-29.csv,612,615,615,615,"1,285"
2014-09-30.csv,615,634,616,634,"3,895"
2014-10-09.csv,634,622,622,622,150
2014-10-12.csv,622,645,611,645,"7,155"
2014-10-13.csv,645,633,620,620,650
2014-10-14.csv,620,618,615,615,850
2014-10-15.csv,615,620,615,616,"3,595"
2014-10-16.csv,616,616,616,616,"2,065"
2014-10-19.csv,616,620,608,616,"4,240"
2014-10-20.csv,616,620,616,620,"2,230"
2014-10-21.csv,620,620,615,615,"1,400"
2014-10-22.csv,615,617,613,615,965
2014-10-26.csv,615,618,618,618,100
2014-10-27.csv,618,620,615,620,920
2014-10-28.csv,620,620,615,616,"2,690"
2014-10-30.csv,616,620,616,619,"4,560"
2014-11-02.csv,619,620,612,616,"7,265"
2014-11-03.csv,616,615,605,607,"9,545"
2014-11-04.csv,607,612,602,609,"2,965"
2014-11-05.csv,609,611,608,610,"1,375"
2014-11-06.csv,610,612,605,612,"1,690"
2014-11-09.csv,612,610,609,610,"1,800"
2014-11-10.csv,610,601,600,600,"1,650"
2014-11-11.csv,600,610,595,610,"2,850"
2014-11-12.csv,610,605,600,600,"2,525"
2014-11-13.csv,600,603,600,601,"1,570"
2014-11-16.csv,601,602,597,600,"3,180"
2014-11-17.csv,600,600,591,591,"3,270"
2014-11-18.csv,591,600,558,600,"1,090"
2014-11-19.csv,600,600,591,600,"1,840"
2014-11-20.csv,600,604,597,600,"1,170"
2014-11-23.csv,600,609,600,607,"1,600"
2014-11-24.csv,607,605,596,600,"2,560"
2014-11-25.csv,600,603,600,600,730
2014-11-30.csv,600,600,597,597,"1,275"
2014-12-01.csv,597,602,595,600,"5,535"
2014-12-02.csv,600,600,590,600,"1,260"
2014-12-03.csv,600,604,597,599,"1,920"
2014-12-04.csv,599,599,598,598,600
2014-12-07.csv,598,603,592,598,"1,810"
2014-12-08.csv,598,598,590,598,900
2014-12-09.csv,598,600,598,600,"1,610"
2014-12-10.csv,600,610,598,600,"6,200"
2014-12-11.csv,600,605,600,605,300
2014-12-14.csv,605,617,610,617,"1,470"
2014-12-15.csv,617,620,606,620,"3,795"
2014-12-16.csv,620,616,601,615,"1,920"
2014-12-17.csv,615,613,600,613,"1,265"
2014-12-18.csv,613,613,600,612,"2,560"
2014-12-21.csv,612,608,600,608,265
2014-12-22.csv,608,602,600,601,"1,570"
2014-12-23.csv,601,601,600,600,"1,120"
2014-12-24.csv,600,612,601,601,310
2014-12-28.csv,601,606,600,603,"1,400"
2014-12-28.csv,601,606,600,603,"1,400"
2014-12-29.csv,603,616,600,616,"2,880"
2015-01-01.csv,616,604,592,604,"2,740"
2015-01-04.csv,604,608,600,603,"2,620"
2015-01-05.csv,603,602,600,602,400
2015-01-06.csv,602,603,600,603,"4,020"
2015-01-07.csv,603,610,610,610,50
2015-01-08.csv,610,612,605,612,850
2015-01-11.csv,612,612,605,605,"1,920"
2015-01-12.csv,605,615,605,615,"3,555"
2015-01-13.csv,615,620,603,620,"3,770"
2015-01-14.csv,620,625,610,625,"1,700"
2015-01-18.csv,625,635,620,635,"2,300"
2015-01-19.csv,635,647,635,647,"2,355"
2015-01-20.csv,647,636,636,636,200
2015-01-22.csv,636,635,625,635,"1,400"
2015-01-25.csv,635,640,640,640,60
2015-01-26.csv,640,628,619,623,850
2015-01-27.csv,623,628,620,628,"2,350"
2015-01-28.csv,628,630,625,630,"2,010"
2015-01-29.csv,630,635,630,630,"1,200"
2015-02-01.csv,630,640,624,637,"2,850"
2015-02-02.csv,637,641,635,641,"2,200"
2015-02-03.csv,641,648,641,647,"3,755"
2015-02-04.csv,647,645,640,640,"2,155"
2015-02-05.csv,640,648,630,648,"3,385"
2015-02-08.csv,648,648,625,648,"1,270"
2015-02-09.csv,648,636,625,627,"2,000"
2015-02-10.csv,627,635,625,635,"2,870"
2015-02-11.csv,635,627,627,627,250
2015-02-12.csv,627,631,621,631,"1,390"
2015-02-15.csv,631,635,625,635,"16,215"
2015-02-16.csv,635,640,635,635,"2,155"
2015-02-16.csv,635,640,635,635,"2,155"
2015-02-18.csv,635,639,635,635,"3,200"
2015-02-22.csv,635,632,630,632,450
2015-02-23.csv,632,633,620,633,"2,375"
2015-02-24.csv,633,630,621,630,"1,650"
2015-02-25.csv,630,628,625,628,"2,470"
2015-02-26.csv,628,647,625,647,845
2015-03-01.csv,647,640,630,635,"3,155"
2015-03-02.csv,635,640,634,634,"1,750"
2015-03-03.csv,634,636,635,635,"1,295"
2015-03-04.csv,635,638,635,636,990
2015-03-09.csv,636,639,635,637,"2,265"
2015-03-10.csv,637,640,635,640,"1,600"
2015-03-11.csv,640,643,632,643,"2,150"
2015-03-12.csv,643,643,636,643,"1,130"
2015-03-15.csv,643,646,640,646,300
2015-03-16.csv,646,635,630,630,"1,210"
2015-03-17.csv,630,636,630,636,"1,660"
2015-03-19.csv,636,634,630,632,"1,775"
2015-03-22.csv,632,649,638,649,"7,530"
2015-03-23.csv,649,650,645,646,"4,360"
2015-03-24.csv,646,647,644,647,"3,070"
2015-03-25.csv,647,649,644,649,"6,945"
2015-03-26.csv,649,637,601,601,"5,700"
2015-03-29.csv,601,609,601,609,400
2015-03-30.csv,609,609,600,600,250
2015-03-31.csv,600,600,600,600,"1,000"
2015-04-01.csv,600,600,591,600,530
2015-04-02.csv,600,595,590,590,"2,420"
2015-04-05.csv,590,587,585,585,"1,100"
2015-04-06.csv,585,601,585,601,890
2015-04-07.csv,601,591,591,591,100
2015-04-08.csv,591,601,600,600,565
2015-04-09.csv,600,599,598,599,580
2015-04-12.csv,599,604,597,604,840
2015-04-13.csv,604,605,601,604,"1,190"
2015-04-15.csv,604,615,600,608,350
2015-04-16.csv,608,615,615,615,10
2015-04-19.csv,615,603,600,600,"3,110"
2015-04-20.csv,600,605,600,600,"2,000"
2015-04-21.csv,600,603,600,600,410
2015-04-22.csv,600,610,598,610,"2,030"
2015-04-23.csv,610,612,602,611,"13,630"
2015-05-24.csv,611,599,556,556,"5,915"
2015-05-25.csv,556,554,541,554,"2,785"
2015-05-26.csv,554,578,565,575,"2,140"
2015-05-27.csv,575,570,560,565,"2,405"
2015-05-28.csv,565,575,570,575,"5,365"
2015-05-31.csv,575,596,575,585,"2,670"
2015-06-01.csv,585,605,585,602,"3,575"
2015-06-02.csv,602,605,600,605,"3,600"
2015-06-03.csv,605,617,600,606,900
2015-06-04.csv,606,620,603,620,"1,270"
2015-06-07.csv,620,620,608,611,"4,335"
2015-06-08.csv,611,616,615,615,"2,100"
2015-06-08.csv,611,616,615,615,"2,100"
2015-06-08.csv,611,616,615,615,"2,100"
2015-06-09.csv,615,627,616,622,"6,895"
2015-06-10.csv,622,624,610,616,"4,825"
2015-06-14.csv,616,622,615,615,"2,425"
2015-06-15.csv,615,623,615,615,"5,320"
2015-06-16.csv,615,615,613,615,"10,465"
2015-06-17.csv,615,620,615,620,"3,085"
2015-06-18.csv,620,620,611,611,"4,075"
2015-06-21.csv,611,611,605,608,"5,795"
2015-06-22.csv,608,613,605,613,"3,485"
2015-06-23.csv,613,615,610,615,"7,300"
2015-06-24.csv,615,615,610,615,"2,120"
2015-06-25.csv,615,615,611,615,"2,765"
2015-06-28.csv,615,622,603,622,"8,640"
2015-06-29.csv,622,633,619,624,"14,495"
2015-06-30.csv,624,626,620,624,"4,365"
2015-07-01.csv,624,623,620,623,"3,120"
2015-07-02.csv,623,623,615,620,"4,720"
2015-07-05.csv,620,620,610,620,"5,185"
2015-07-06.csv,620,621,617,621,"4,765"
2015-07-07.csv,621,627,620,627,"17,900"
2015-07-08.csv,627,630,620,625,"1,100"
2015-07-09.csv,625,630,617,620,"5,785"
2015-07-12.csv,620,622,617,620,"3,080"
2015-07-13.csv,620,621,615,621,"4,695"
2015-07-14.csv,621,622,617,622,"4,065"
2015-07-15.csv,622,621,618,620,"1,240"
2015-07-16.csv,620,636,622,636,300
2015-07-22.csv,636,624,613,615,"3,495"
2015-07-23.csv,615,623,615,620,"5,460"
2015-07-26.csv,620,630,626,630,"1,380"
2015-07-27.csv,630,630,610,615,"1,980"
2015-07-28.csv,615,618,615,617,"12,370"
2015-07-29.csv,617,617,613,616,"17,535"
2015-07-30.csv,616,628,615,628,"10,130"
2015-08-02.csv,628,616,615,616,"11,435"
2015-08-03.csv,616,615,612,613,"6,985"
2015-08-04.csv,613,618,605,615,"7,680"
2015-08-05.csv,615,620,610,611,"5,220"
2015-08-06.csv,611,615,600,615,"10,400"
2015-08-09.csv,615,620,620,620,100
2015-08-13.csv,620,627,615,621,"1,955"
2015-08-16.csv,621,655,627,655,500
2015-08-17.csv,655,680,668,680,550
2015-08-18.csv,680,683,665,665,"2,585"
2015-08-18.csv,680,683,665,665,"2,585"
2015-08-19.csv,665,701,675,701,"2,295"
2015-08-20.csv,701,715,715,715,50
2015-08-23.csv,715,701,690,690,600
2015-08-24.csv,690,685,680,680,600
2015-08-25.csv,680,702,688,701,560
2015-08-26.csv,701,699,668,668,"1,810"
2015-08-27.csv,668,660,651,651,500
2015-08-31.csv,651,640,640,640,85
2015-09-01.csv,640,640,636,637,"2,950"
2015-09-02.csv,637,661,649,661,120
2015-09-03.csv,661,674,670,670,520
2015-09-06.csv,670,675,660,675,"2,055"
2015-09-07.csv,675,670,660,665,"2,025"
2015-09-08.csv,665,660,660,660,500
2015-09-09.csv,660,656,656,656,"1,000"
2015-09-10.csv,656,659,646,659,760
2015-09-13.csv,659,666,646,666,"1,760"
2015-09-14.csv,666,680,670,670,360
2015-09-15.csv,670,664,660,664,"1,370"
2015-09-16.csv,664,678,652,672,"1,710"
2015-09-17.csv,672,675,665,670,"4,090"
2015-09-22.csv,670,662,652,662,"3,215"
2015-09-23.csv,662,665,665,665,500
2015-09-24.csv,665,655,652,652,"1,565"
2015-09-28.csv,652,650,650,650,300
2015-09-30.csv,650,655,651,652,"2,060"
2015-10-01.csv,652,654,651,654,"1,800"
2015-10-04.csv,654,660,655,656,530
2015-10-05.csv,656,652,650,650,"2,680"
2015-10-06.csv,650,650,648,650,"1,195"
2015-10-07.csv,650,650,643,643,"6,225"
2015-10-08.csv,643,655,650,655,665
2015-10-11.csv,655,645,644,644,"1,500"
2015-10-14.csv,644,641,640,640,"1,660"
2015-10-15.csv,640,650,640,650,"5,350"
2015-10-18.csv,650,644,636,641,"1,755"
2015-10-19.csv,641,640,638,638,700
2015-10-27.csv,638,638,629,632,"1,010"
2015-10-28.csv,632,626,620,622,"1,180"
2015-10-29.csv,622,635,625,635,"1,350"
2015-11-01.csv,635,640,630,640,"2,110"
2015-11-02.csv,640,650,650,650,"5,005"
2015-11-03.csv,650,650,641,650,"2,905"
2015-11-04.csv,650,650,640,650,"2,375"
2015-11-05.csv,650,655,650,655,520
2015-11-08.csv,655,664,645,653,"3,110"
2015-11-09.csv,653,655,650,652,"1,095"
2015-11-10.csv,652,652,641,647,"2,110"
2015-11-15.csv,647,636,636,636,930
2015-11-16.csv,636,655,645,645,"2,605"
2015-11-18.csv,645,650,640,646,"2,035"
2015-11-19.csv,646,646,644,644,210
2015-11-22.csv,644,642,640,642,"1,000"
2015-11-23.csv,642,689,642,689,"11,960"
2015-11-24.csv,689,676,645,646,"1,425"
2015-11-25.csv,646,645,645,645,100
2015-11-26.csv,645,645,641,645,200
2015-11-29.csv,645,645,640,644,"5,320"
2015-11-30.csv,644,646,644,646,"1,500"
2015-12-01.csv,646,650,648,650,"1,510"
2015-12-02.csv,650,652,640,652,"2,290"
2015-12-03.csv,652,655,647,647,"1,370"
2015-12-06.csv,647,650,647,647,"2,035"
2015-12-07.csv,647,650,645,645,"1,455"
2015-12-08.csv,645,650,646,650,960
2015-12-09.csv,650,660,660,660,15
2015-12-10.csv,660,658,645,645,"2,295"
2015-12-13.csv,645,650,645,650,"2,270"
2015-12-14.csv,650,655,653,655,380
2015-12-15.csv,655,655,650,655,"3,190"
2015-12-16.csv,655,655,651,655,"3,595"
2015-12-17.csv,655,660,655,655,800
2015-12-20.csv,655,653,651,652,750
2015-12-21.csv,652,663,650,655,"4,050"
2015-12-22.csv,655,659,655,657,"2,780"
2015-12-23.csv,657,657,655,657,500
2015-12-24.csv,657,660,656,656,"1,560"
2015-12-28.csv,656,660,655,655,"2,965"
2015-12-29.csv,655,656,650,655,"2,700"
2015-12-31.csv,655,656,655,655,820
2016-01-03.csv,655,660,656,660,"4,040"
2016-01-04.csv,660,660,659,660,"1,320"
2016-01-05.csv,660,660,651,660,"2,115"
2016-01-06.csv,660,678,660,665,"5,135"
2016-01-07.csv,665,680,665,680,"2,510"
2016-01-10.csv,680,706,692,692,330
2016-01-11.csv,692,680,680,680,200
2016-01-12.csv,680,680,671,675,"7,455"
2016-01-12.csv,680,680,671,675,"7,455"
2016-01-13.csv,675,680,670,680,"1,050"
2016-01-14.csv,680,681,670,670,"2,600"
2016-01-17.csv,670,680,675,680,430
2016-01-18.csv,680,685,676,680,"2,635"
2016-01-19.csv,680,682,672,680,"4,035"
2016-01-20.csv,680,681,668,681,"1,490"
2016-01-21.csv,681,685,675,685,"4,285"
2016-01-24.csv,685,685,679,685,"2,765"
2016-01-25.csv,685,680,680,680,310
2016-01-26.csv,680,681,679,680,"4,475"
2016-01-27.csv,680,680,676,676,"2,500"
2016-01-28.csv,676,681,679,680,"2,155"
2016-01-31.csv,680,680,675,675,"7,450"
2016-02-01.csv,675,680,677,680,"2,850"
2016-02-02.csv,680,685,680,684,"5,310"
2016-02-03.csv,684,687,680,685,"1,700"
2016-02-04.csv,685,691,685,691,"5,690"
2016-02-07.csv,691,695,689,695,"6,340"
2016-02-08.csv,695,700,690,695,"19,035"
2016-02-11.csv,695,700,690,699,"4,290"
2016-02-14.csv,699,705,699,703,"5,700"
2016-02-15.csv,703,703,692,700,"5,770"
2016-02-16.csv,700,700,694,696,"5,505"
2016-02-17.csv,696,705,695,705,"9,355"
2016-02-18.csv,705,709,700,700,"12,960"
2016-02-21.csv,700,705,700,700,"15,340"
2016-02-22.csv,700,702,701,701,860
2016-02-23.csv,701,705,700,700,"18,540"
2016-02-24.csv,700,702,699,702,"15,315"
2016-02-25.csv,702,705,694,705,"1,305"
2016-02-28.csv,705,705,701,704,"7,520"
2016-02-29.csv,704,703,700,701,"10,375"
2016-03-01.csv,701,705,687,702,"4,095"
2016-03-02.csv,702,705,701,705,"5,764"
2016-03-03.csv,705,705,701,705,"1,360"
2016-03-06.csv,705,703,700,702,"7,990"
2016-03-10.csv,702,705,700,700,"1,690"
2016-03-13.csv,700,702,700,700,"4,010"
2016-03-14.csv,700,701,698,701,"4,355"
2016-03-15.csv,701,702,696,700,"8,360"
2016-03-16.csv,700,702,700,700,"3,920"
2016-03-17.csv,700,702,700,702,"33,535"
2016-03-20.csv,702,705,703,703,610
2016-03-21.csv,703,703,695,695,"1,650"
2016-03-23.csv,695,700,693,695,"2,585"
2016-03-24.csv,695,715,700,715,"5,795"
2016-03-27.csv,715,720,705,710,"1,645"
2016-03-28.csv,710,702,700,700,"1,790"
2016-03-29.csv,700,701,690,700,"4,700"
2016-03-30.csv,700,700,697,700,"2,350"
2016-03-31.csv,700,700,692,696,"3,165"
2016-04-03.csv,696,691,691,691,100
2016-04-04.csv,691,701,692,701,"3,575"
2016-04-05.csv,701,710,700,710,"14,095"
2016-04-06.csv,710,710,701,709,"14,710"
2016-04-10.csv,709,711,705,710,"6,775"
2016-04-11.csv,710,719,710,712,"7,600"
2016-04-12.csv,712,716,710,715,"10,280"
2016-04-14.csv,715,723,714,715,"55,060"
2016-04-17.csv,715,701,665,666,"1,870"
2016-04-18.csv,666,665,652,655,"2,100"
2016-04-19.csv,655,670,660,660,"1,340"
2016-04-20.csv,660,668,655,666,"2,300"
2016-04-21.csv,666,663,650,655,"1,805"
2016-04-24.csv,655,660,660,660,860
2016-04-25.csv,660,660,650,659,"3,170"
2016-04-26.csv,659,665,654,654,"4,900"
2016-04-27.csv,654,660,653,654,"6,310"
2016-04-28.csv,654,655,652,654,500
2016-05-03.csv,654,655,650,653,"1,980"
2016-05-04.csv,653,659,650,651,990
2016-05-05.csv,651,660,651,651,"3,195"
2016-05-08.csv,651,660,645,655,"2,510"
2016-05-09.csv,655,665,655,665,"6,610"
2016-05-10.csv,665,665,650,665,"11,425"
2016-05-11.csv,665,666,653,653,600
2016-05-12.csv,653,660,655,656,"4,445"
2016-05-15.csv,656,670,660,670,"2,810"
2016-05-16.csv,670,657,655,657,"2,120"
2016-05-17.csv,657,670,658,661,"3,536"
2016-05-18.csv,661,670,660,660,"6,370"
2016-05-19.csv,660,665,660,660,"1,850"
2016-05-22.csv,660,665,652,660,"7,200"
2016-05-23.csv,660,664,655,658,"1,420"
2016-05-24.csv,658,660,654,655,"4,570"
2016-05-25.csv,655,655,650,652,"3,130"
2016-05-26.csv,652,655,650,651,"71,400"
2016-05-29.csv,651,655,640,651,"2,560"
2016-05-30.csv,651,659,652,659,"3,450"
2016-05-31.csv,659,661,654,661,"5,720"
2016-06-01.csv,661,662,650,660,"13,785"
2016-06-02.csv,660,670,648,662,"6,595"
2016-06-05.csv,662,660,650,658,"2,365"
2016-06-06.csv,658,662,656,660,"6,870"
2016-06-07.csv,660,665,660,665,"13,800"
2016-06-08.csv,665,670,652,665,"9,236"
2016-06-09.csv,665,672,665,669,"8,680"
2016-06-12.csv,669,670,664,670,"13,785"
2016-06-13.csv,670,671,660,668,"4,850"
2016-06-14.csv,668,666,656,665,"5,515"
2016-06-15.csv,665,670,660,667,"10,775"
2016-06-16.csv,667,683,654,667,"8,105"
2016-06-19.csv,667,678,665,675,"10,100"
2016-06-20.csv,675,677,670,675,"12,660"
2016-06-21.csv,675,680,674,679,"9,565"
2016-06-22.csv,679,680,673,673,"8,600"
2016-06-23.csv,673,675,667,674,"6,765"
2016-06-26.csv,674,680,671,674,"11,130"
2016-06-27.csv,674,675,667,675,"10,390"
2016-06-28.csv,675,679,672,679,"4,770"
2016-06-29.csv,679,682,676,681,"12,385"
2016-06-30.csv,681,686,680,684,"14,810"
2016-07-03.csv,684,695,688,688,"6,145"
2016-07-04.csv,688,690,680,686,"7,820"
2016-07-05.csv,686,695,676,691,"7,326"
2016-07-06.csv,691,695,692,692,"1,260"
2016-07-10.csv,692,695,685,692,"3,885"
2016-07-11.csv,692,692,659,659,"1,382"
2016-07-12.csv,659,695,672,676,"4,900"
2016-07-13.csv,676,685,675,678,"4,470"
2016-07-14.csv,678,689,673,689,"5,125"
2016-07-17.csv,689,689,676,689,"5,255"
2016-07-18.csv,689,691,680,690,"8,724"
2016-07-19.csv,690,689,677,689,"9,815"
2016-07-20.csv,689,690,685,689,"9,585"
2016-07-21.csv,689,690,685,689,"3,100"
2016-07-25.csv,689,689,680,686,"3,680"
2016-07-26.csv,686,690,685,687,"12,230"
2016-07-27.csv,687,690,680,682,"7,945"
2016-07-28.csv,682,695,682,683,"5,095"
2016-07-31.csv,683,687,682,687,"6,365"
2016-08-01.csv,687,688,680,682,"7,385"
2016-08-02.csv,682,685,680,683,"8,105"
2016-08-03.csv,683,685,677,680,"4,391"
2016-08-04.csv,680,680,671,674,"2,055"
2016-08-07.csv,674,695,670,695,"6,275"
2016-08-08.csv,695,682,671,672,300
2016-08-10.csv,672,680,660,680,"5,570"
2016-08-11.csv,680,690,670,680,"8,905"
2016-08-14.csv,680,678,671,675,"5,948"
2016-08-15.csv,675,685,673,676,"6,855"
2016-08-16.csv,676,680,675,680,"13,015"
2016-08-17.csv,680,686,676,684,"5,755"
2016-08-21.csv,684,685,682,685,"1,880"
2016-08-22.csv,685,695,663,672,"2,000"
2016-08-23.csv,672,685,671,671,"4,950"
2016-08-24.csv,671,682,670,675,"4,660"
2016-08-28.csv,675,688,675,680,"2,240"
2016-08-29.csv,680,688,677,685,"8,990"
2016-08-30.csv,685,690,685,686,"13,735"
2016-08-31.csv,686,700,687,695,"7,390"
2016-09-01.csv,695,698,690,691,"6,255"
2016-09-03.csv,691,695,690,691,"8,330"
2016-09-04.csv,691,695,690,691,"8,330"
2016-09-05.csv,691,701,690,700,"13,260"
2016-09-06.csv,700,702,692,700,"14,350"
2016-09-07.csv,700,700,695,700,"1,210"
2016-09-08.csv,700,700,687,689,"4,070"
2016-09-11.csv,689,701,686,698,"26,592"
2016-09-12.csv,698,700,690,700,"8,230"
2016-09-14.csv,700,695,686,688,"9,160"
2016-09-18.csv,688,700,685,699,"10,931"
2016-09-20.csv,699,701,691,691,"5,620"
2016-09-21.csv,691,699,686,690,"11,190"
2016-09-22.csv,690,704,696,696,"4,660"
2016-09-25.csv,696,699,686,687,"2,660"
2016-09-26.csv,687,696,687,696,"2,215"
2016-09-27.csv,696,690,685,690,"4,215"
2016-09-28.csv,690,690,688,690,400
2016-09-29.csv,690,690,686,690,"1,475"
2016-10-02.csv,690,690,685,690,"4,040"
2016-10-03.csv,690,690,686,690,"2,010"
2016-10-04.csv,690,692,680,687,"1,900"
2016-10-05.csv,687,690,686,690,"1,600"
2016-10-06.csv,690,703,692,700,"5,535"
2016-10-16.csv,700,696,687,687,850
2016-10-17.csv,687,690,685,688,"2,010"
2016-10-18.csv,688,700,688,700,"4,915"
2016-10-19.csv,700,693,687,693,"3,010"
2016-10-20.csv,693,694,686,694,"1,075"
2016-10-23.csv,694,683,681,682,"2,785"
2016-10-24.csv,682,689,675,680,"4,380"
2016-10-25.csv,680,682,681,682,680
2016-10-26.csv,682,690,680,690,"3,250"
2016-10-27.csv,690,690,690,690,350
2016-11-03.csv,690,690,677,680,"5,110"
2016-11-07.csv,680,681,680,681,160
2016-11-08.csv,681,690,676,677,"1,310"
2016-11-09.csv,677,675,670,670,"1,720"
2016-11-10.csv,670,676,671,675,"4,550"
2016-11-13.csv,675,680,675,679,550
2016-11-14.csv,679,684,670,676,"2,655"
2016-11-15.csv,676,693,676,685,"3,534"
2016-11-16.csv,685,689,681,685,"1,000"
2016-11-17.csv,685,680,676,676,700
2016-11-20.csv,676,675,662,675,"14,530"
2016-11-21.csv,675,697,675,697,"3,970"
2016-11-22.csv,697,685,674,685,"3,585"
2016-11-23.csv,685,684,670,671,"8,260"
2016-11-24.csv,671,689,675,689,"5,100"
2016-11-27.csv,689,689,665,675,"4,035"
2016-11-28.csv,675,685,670,685,"18,430"
2016-11-29.csv,685,699,672,685,"1,575"
2016-11-30.csv,685,690,685,689,"6,390"
2016-12-01.csv,689,700,680,690,"11,460"
2016-12-04.csv,690,685,680,680,"1,335"
2016-12-05.csv,680,683,680,680,"3,520"
2016-12-06.csv,680,682,680,680,830
2016-12-07.csv,680,682,679,682,"2,200"
2016-12-08.csv,682,682,677,680,700
2016-12-11.csv,680,680,677,677,"1,825"
2016-12-12.csv,677,680,673,680,"7,700"
2016-12-14.csv,680,685,680,681,"1,135"
2016-12-15.csv,681,683,675,679,"3,605"
2016-12-18.csv,679,685,680,685,"3,755"
2016-12-19.csv,685,685,677,680,"3,925"
2016-12-20.csv,680,685,670,685,"5,240"
2016-12-21.csv,685,683,673,682,"9,305"
2016-12-22.csv,682,724,685,705,"57,430"
2016-12-26.csv,705,700,691,692,"13,045"
2016-12-27.csv,692,693,687,690,"15,300"
2016-12-28.csv,690,695,687,690,"6,490"
2016-12-29.csv,690,690,685,690,"58,295"
2017-01-01.csv,690,700,689,698,"136,420"
2017-01-02.csv,698,714,697,700,"15,380"
2017-01-03.csv,700,700,698,700,"17,405"
2017-01-04.csv,700,700,687,699,"7,960"
2017-01-05.csv,699,700,695,700,"19,050"
2017-01-08.csv,700,699,692,696,"14,885"
2017-01-09.csv,696,698,694,698,"8,260"
2017-01-10.csv,698,724,695,695,"3,725"
2017-01-11.csv,695,696,694,695,"9,135"
2017-01-12.csv,695,697,690,695,"5,215"
2017-01-15.csv,695,700,690,694,"2,680"
2017-01-16.csv,694,695,692,695,"1,110"
2017-01-17.csv,695,695,691,692,"2,920"
2017-01-18.csv,692,697,690,690,"17,390"
2017-01-19.csv,690,695,691,692,"2,315"
2017-01-22.csv,692,695,695,695,600
2017-01-23.csv,695,695,690,690,"14,100"
2017-01-24.csv,690,692,681,683,"9,275"
2017-01-25.csv,683,685,680,685,"11,785"
2017-01-26.csv,685,682,672,677,"13,680"
2017-01-30.csv,677,671,662,663,"20,790"
2017-01-31.csv,663,665,650,660,"38,520"
2017-02-01.csv,660,681,655,680,"94,151"
2017-02-02.csv,680,680,670,670,"3,370"
2017-02-05.csv,670,671,661,661,"3,630"
2017-02-06.csv,661,665,660,665,"1,640"
2017-02-07.csv,665,670,660,670,"29,955"
2017-02-08.csv,670,665,660,660,"2,110"
2017-02-09.csv,660,673,660,660,"3,540"
2017-02-12.csv,660,670,651,655,"6,355"
2017-02-13.csv,655,670,641,670,"6,080"
2017-02-14.csv,670,669,650,667,"5,288"
2017-02-15.csv,667,670,658,669,"4,850"
2017-02-16.csv,669,670,660,660,"4,520"
2017-02-19.csv,660,690,665,689,"15,275"
2017-02-20.csv,689,698,680,682,"16,435"
2017-02-21.csv,682,693,675,681,"24,395"
2017-02-22.csv,681,681,675,675,"31,035"
2017-02-23.csv,675,685,678,678,"13,085"
2017-02-26.csv,678,665,627,634,"2,940"
2017-02-28.csv,634,630,622,629,460
2017-03-01.csv,629,633,630,633,970
2017-03-02.csv,633,630,621,627,"1,940"
2017-03-05.csv,627,634,624,624,740
2017-03-06.csv,624,630,620,630,"1,540"
2017-03-07.csv,630,628,624,628,350
2017-03-09.csv,628,630,624,624,180
2017-03-13.csv,624,630,620,620,600
2017-03-14.csv,620,631,620,620,"7,820"
2017-03-15.csv,620,625,620,625,"3,945"
2017-03-16.csv,625,635,625,625,"1,030"
2017-03-19.csv,625,635,625,635,"3,025"
2017-03-20.csv,635,637,630,635,"2,020"
2017-03-21.csv,635,635,625,635,"2,930"
2017-03-22.csv,635,635,618,635,"2,320"
2017-03-23.csv,635,635,628,630,"4,100"
2017-03-26.csv,630,637,630,633,"3,370"
2017-03-28.csv,633,643,625,634,"6,415"
2017-03-29.csv,634,665,632,635,"16,575"
2017-03-30.csv,635,645,633,640,"3,150"
2017-04-02.csv,640,650,637,641,"2,670"
2017-04-03.csv,641,653,628,640,"5,785"
2017-04-04.csv,640,642,630,635,"5,345"
2017-04-06.csv,635,639,632,639,"13,740"
2017-04-09.csv,639,648,635,639,"6,920"
2017-04-10.csv,639,640,633,635,"11,525"
2017-04-11.csv,635,645,635,636,"5,970"
2017-04-12.csv,636,649,636,649,"2,935"
2017-04-13.csv,649,645,637,645,"3,845"
2017-04-16.csv,645,645,638,640,"1,605"
2017-04-18.csv,640,639,628,639,"2,700"
2017-04-19.csv,639,636,630,635,"4,265"
2017-04-20.csv,635,639,630,639,"7,000"
2017-04-23.csv,639,663,627,647,"3,445"
2017-04-24.csv,647,639,635,639,"5,440"
2017-04-25.csv,639,639,635,639,"4,590"
2017-04-26.csv,639,645,639,643,"21,490"
2017-04-27.csv,643,649,637,638,"4,650"
2017-04-30.csv,638,640,635,639,"1,102"
2017-05-02.csv,639,641,638,639,"16,915"
2017-05-03.csv,639,644,640,644,"18,370"
2017-05-04.csv,644,645,635,641,"8,200"
2017-05-07.csv,641,642,638,642,"9,625"
2017-05-08.csv,642,643,640,641,"5,485"
2017-05-09.csv,641,646,641,642,"5,130"
2017-05-11.csv,642,660,641,660,"10,690"
2017-05-15.csv,660,651,646,650,"5,705"
2017-05-16.csv,650,650,645,650,"4,200"
2017-05-17.csv,650,655,646,650,"2,315"
2017-05-18.csv,650,650,645,650,"9,270"
2017-05-21.csv,650,653,646,653,"8,371"
2017-05-22.csv,653,653,643,653,"2,420"
2017-05-23.csv,653,655,650,655,"8,390"
2017-05-24.csv,655,660,653,656,"15,635"
2017-05-28.csv,656,687,654,687,"15,065"
2017-05-30.csv,687,683,658,658,"5,882"
2017-05-31.csv,658,667,635,667,"15,125"
2017-06-01.csv,667,670,658,658,"6,630"
2017-06-04.csv,658,669,656,659,"12,245"
2017-06-05.csv,659,669,661,663,"20,910"
2017-06-06.csv,663,685,663,679,"17,085"
2017-06-07.csv,679,692,675,680,"3,060"
2017-06-08.csv,680,678,671,675,"1,930"
2017-06-11.csv,675,674,662,662,"5,410"
2017-06-12.csv,662,670,660,660,"4,240"
2017-06-13.csv,660,670,665,670,"4,200"
2017-06-14.csv,670,670,664,664,"3,575"
2017-06-15.csv,664,668,660,660,"6,660"
2017-06-18.csv,660,665,658,660,"2,590"
2017-06-19.csv,660,662,656,660,"10,780"
2017-06-20.csv,660,666,662,666,"4,900"
2017-06-21.csv,666,663,659,662,"7,925"
2017-06-22.csv,662,664,660,663,"3,840"
2017-06-25.csv,663,664,662,662,"5,410"
2017-06-27.csv,662,663,650,663,"11,890"
2017-06-28.csv,663,664,660,662,"4,965"
2017-07-02.csv,662,665,660,665,"38,965"
2017-07-03.csv,665,665,661,662,"27,130"
2017-07-04.csv,662,663,660,662,"4,440"
2017-07-05.csv,662,663,660,663,"4,675"
2017-07-06.csv,663,664,661,664,"3,960"
2017-07-09.csv,664,670,662,664,"9,335"
2017-07-10.csv,664,664,660,660,"17,720"
2017-07-11.csv,660,665,662,662,"1,280"
2017-07-12.csv,662,664,661,664,"1,830"
2017-07-13.csv,664,677,660,675,"13,530"
2017-07-16.csv,675,670,662,670,380
2017-07-17.csv,670,670,660,670,"1,430"
2017-07-18.csv,670,670,664,668,"6,560"
2017-07-19.csv,668,668,660,668,"6,080"
2017-07-20.csv,668,672,665,670,"7,010"
2017-07-23.csv,670,679,666,671,"4,105"
2017-07-24.csv,671,677,666,671,"7,950"
2017-07-25.csv,671,672,668,668,"2,335"
2017-07-26.csv,668,670,666,669,"4,320"
2017-07-27.csv,669,670,665,669,"8,825"
2017-07-30.csv,669,670,667,670,"3,600"
2017-07-31.csv,670,674,670,674,"5,130"
2017-08-01.csv,674,688,675,685,"11,865"
2017-08-02.csv,685,685,683,685,"4,245"
2017-08-03.csv,685,691,685,688,"4,255"
2017-08-06.csv,688,697,685,694,"8,749"
2017-08-07.csv,694,712,690,712,"23,960"
2017-08-09.csv,712,712,707,711,"21,960"
2017-08-10.csv,711,710,705,706,"6,480"
2017-08-13.csv,706,712,700,703,"6,165"
2017-08-15.csv,703,708,697,699,"7,005"
2017-08-16.csv,699,708,699,702,"4,625"
2017-08-17.csv,702,700,695,699,"6,640"
2017-08-20.csv,699,703,697,697,"3,710"
2017-08-21.csv,697,700,697,697,250
2017-08-22.csv,697,710,697,705,"4,865"
2017-08-23.csv,705,710,704,708,"10,475"
2017-08-24.csv,708,709,706,709,"2,900"
2017-08-27.csv,709,710,705,705,"1,075"
2017-08-28.csv,705,708,702,702,"3,440"
2017-08-30.csv,702,710,697,705,"4,200"
2017-08-31.csv,705,706,700,705,"5,555"
2017-09-04.csv,705,705,695,700,"4,275"
2017-09-06.csv,700,710,700,708,"7,159"
2017-09-07.csv,708,711,705,706,"7,188"
2017-09-10.csv,706,709,700,702,"9,735"
2017-09-11.csv,702,709,700,704,"5,895"
2017-09-12.csv,704,709,701,709,"8,020"
2017-09-13.csv,709,710,702,702,"6,400"
2017-09-14.csv,702,712,691,712,"6,320"
2017-09-17.csv,712,719,702,708,"5,005"
2017-09-18.csv,708,712,705,706,"1,730"
2017-09-20.csv,706,710,704,710,"3,235"
2017-09-24.csv,710,713,708,710,"5,370"
2017-09-25.csv,710,715,709,712,"1,260"
2017-09-26.csv,712,715,710,715,"1,570"
2017-10-03.csv,715,718,711,718,"2,180"
2017-10-04.csv,718,724,715,724,"2,965"
2017-10-08.csv,724,720,710,718,"7,775"
2017-10-09.csv,718,725,717,725,"5,855"
2017-10-10.csv,725,735,721,735,"6,740"
2017-10-11.csv,735,765,735,746,"7,845"
2017-10-12.csv,746,790,750,780,"46,090"
2017-10-15.csv,780,785,775,780,"13,400"
2017-10-16.csv,780,783,770,779,"14,485"
2017-10-17.csv,779,785,775,780,"22,395"
2017-10-18.csv,780,795,778,790,"17,610"
2017-10-22.csv,790,815,794,802,"10,060"
2017-10-23.csv,802,820,797,820,"41,780"
2017-10-24.csv,820,876,830,865,"106,758"
2017-10-25.csv,865,867,838,842,"74,095"
2017-10-29.csv,842,843,826,840,"36,075"
2017-10-30.csv,840,836,830,836,"16,520"
2017-10-31.csv,836,840,826,840,"17,003"
2017-11-01.csv,840,842,825,834,"11,822"
2017-11-02.csv,834,830,819,827,"13,210"
2017-11-05.csv,827,830,800,817,"33,250"
2017-11-06.csv,817,820,801,820,"23,240"
2017-11-07.csv,820,822,816,817,"19,050"
2017-11-08.csv,817,815,806,815,"15,870"
2017-11-09.csv,815,820,807,814,"4,120"
2017-11-12.csv,814,820,800,820,"5,750"
2017-11-13.csv,820,856,820,840,"25,598"
2017-11-14.csv,840,853,840,846,"32,070"
2017-11-15.csv,846,862,838,853,"37,362"
2017-11-16.csv,853,870,841,850,"10,575"
2017-11-19.csv,850,845,840,843,"4,894"
2017-11-20.csv,843,845,835,845,"5,195"
2017-11-21.csv,845,850,835,840,"3,165"
2017-11-22.csv,840,850,835,839,"26,181"
2017-11-23.csv,839,848,840,844,"5,010"
2017-11-26.csv,844,859,849,859,"14,187"
2017-11-27.csv,859,875,850,863,"8,670"
2017-11-28.csv,863,900,860,900,"21,315"
2017-11-29.csv,900,917,888,903,"71,771"
2017-11-30.csv,903,920,899,904,"29,111"
2017-12-04.csv,904,920,891,899,"5,847"
2017-12-05.csv,899,899,882,893,"10,685"
2017-12-06.csv,893,902,893,895,"39,965"
2017-12-10.csv,895,908,890,900,"44,000"
2017-12-11.csv,900,904,886,901,"18,890"
2017-12-12.csv,901,910,890,893,"34,826"
2017-12-13.csv,893,910,885,905,"25,024"
2017-12-14.csv,905,935,900,920,"16,271"
2017-12-17.csv,920,930,906,930,"21,125"
2017-12-18.csv,930,952,915,940,"31,478"
2017-12-19.csv,940,950,900,900,"87,000"
2017-12-20.csv,900,920,886,886,"45,630"
2017-12-21.csv,886,903,857,860,"41,068"
2017-12-24.csv,860,872,840,850,"30,830"
2017-12-26.csv,850,867,839,860,"82,110"
2017-12-27.csv,860,848,811,839,"45,171"
2017-12-28.csv,839,850,837,843,"122,210"
2017-12-31.csv,843,827,772,778,"17,490"
2018-01-01.csv,778,800,775,775,"11,090"
2018-01-02.csv,775,790,770,782,"19,920"
2018-01-03.csv,782,786,760,761,"56,085"
2018-01-04.csv,761,785,760,778,"5,470"
2018-01-07.csv,778,783,770,775,"3,730"
2018-01-08.csv,775,816,777,790,"13,390"
2018-01-09.csv,790,816,775,800,"15,419"
2018-01-10.csv,800,805,790,790,"5,198"
2018-01-14.csv,790,805,790,798,"13,680"
2018-01-16.csv,798,790,779,784,"3,043"
2018-01-17.csv,784,780,772,772,607
2018-01-21.csv,772,780,757,774,"5,020"
2018-01-22.csv,774,790,770,770,"3,875"
2018-01-23.csv,770,774,766,768,759
2018-01-24.csv,768,783,766,775,"1,775"
2018-01-25.csv,775,785,771,775,"2,880"
2018-01-28.csv,775,778,763,771,"4,700"
2018-01-29.csv,771,770,760,769,"3,849"
2018-01-31.csv,769,770,760,760,980
2018-02-01.csv,760,770,760,770,"4,890"
2018-02-04.csv,770,785,770,771,"15,710"
2018-02-05.csv,771,770,766,768,"1,425"
2018-02-06.csv,768,770,765,769,"7,615"
2018-02-07.csv,769,765,760,760,"5,670"
2018-02-08.csv,760,770,752,770,"8,170"
2018-02-11.csv,770,770,757,759,"3,850"
2018-02-12.csv,759,769,759,762,"6,940"
2018-02-14.csv,762,765,758,761,"6,065"
2018-02-15.csv,761,790,760,766,"5,860"
2018-02-18.csv,768,768,755,755,"5,695"
2018-02-20.csv,755,769,755,755,"3,265"
2018-02-21.csv,762,762,748,750,"1,840"
2018-02-22.csv,750,760,748,757,"3,998"
2018-02-25.csv,755,765,750,754,"4,225"
2018-02-26.csv,765,765,745,745,"3,975"
2018-02-27.csv,754,760,745,758,"4,785"
2018-02-28.csv,755,755,735,748,"6,200"
2018-03-04.csv,735,745,721,739,"12,975"
2018-03-05.csv,753,753,725,728,"9,990"
2018-03-06.csv,742,742,712,725,"10,525"
2018-03-07.csv,739,739,720,730,"2,790"
2018-03-11.csv,720,730,718,719,"8,830"
2018-03-12.csv,716,730,715,718,"17,160"
2018-03-13.csv,732,732,721,724,"3,470"
2018-03-14.csv,728,728,722,728,"3,995"
2018-03-15.csv,732,773,732,735,"3,630"
2018-03-18.csv,749,749,726,736,"2,575"
2018-03-19.csv,748,748,726,736,"1,780"
2018-03-20.csv,749,749,726,735,"1,600"
2018-03-21.csv,748,748,716,728,"4,200"
2018-03-22.csv,718,720,710,720,"10,637"
2018-03-26.csv,710,718,691,700,"11,600"
2018-03-27.csv,714,728,687,701,"7,105"
2018-03-28.csv,715,715,692,707,"4,705"
2018-03-29.csv,716,716,702,704,"2,125"
2018-04-01.csv,718,718,690,703,"11,639"
2018-04-02.csv,710,710,699,701,"6,765"
2018-04-03.csv,714,714,700,707,"1,455"
2018-04-04.csv,719,719,705,715,"6,065"
2018-04-05.csv,720,723,711,720,"3,495"
2018-04-08.csv,734,734,711,730,"9,978"
2018-04-09.csv,744,744,721,735,"12,455"
2018-04-10.csv,744,744,715,733,"4,195"
2018-04-11.csv,747,747,724,728,340
2018-04-12.csv,730,733,720,733,"3,835"
2018-04-15.csv,735,740,726,738,650
2018-04-16.csv,744,744,730,735,"2,460"
2018-04-17.csv,735,765,727,750,"10,425"
2018-04-18.csv,760,775,750,750,"7,990"
2018-04-19.csv,765,809,751,792,"22,360"
2018-04-22.csv,807,818,786,800,"4,830"
2018-04-23.csv,815,815,772,785,"15,100"
2018-04-24.csv,785,797,780,780,"3,005"
2018-04-25.csv,785,799,779,785,"12,400"
2018-04-26.csv,770,794,765,770,"7,260"
2018-04-29.csv,785,785,756,760,"5,500"
2018-05-02.csv,775,790,762,774,"3,270"
2018-05-03.csv,780,780,770,775,"6,230"
2018-05-06.csv,770,777,765,766,"2,060"
2018-05-07.csv,780,779,763,768,"4,710"
2018-05-08.csv,770,770,765,765,"5,645"
2018-05-09.csv,768,769,762,767,"1,740"
2018-05-10.csv,765,766,759,759,"2,835"
2018-05-14.csv,774,770,760,762,"8,815"
2018-05-15.csv,770,770,755,762,"1,410"
2018-05-16.csv,761,770,761,770,"10,853"
2018-05-17.csv,785,790,765,766,"8,152"
2018-05-20.csv,760,779,760,767,"3,075"
2018-05-21.csv,765,766,760,765,"2,685"
2018-05-22.csv,755,770,753,760,"5,810"
2018-05-23.csv,775,770,755,765,"1,782"
2018-05-24.csv,760,764,760,760,"3,590"
2018-05-27.csv,765,765,741,743,"3,650"
2018-05-28.csv,749,769,749,760,"2,288"
2018-05-29.csv,775,775,752,760,"7,013"
2018-05-30.csv,770,770,755,758,"1,810"
2018-05-31.csv,765,765,737,756,"38,180"
2018-06-03.csv,741,753,727,737,"12,780"
2018-06-04.csv,724,771,723,771,"4,099"
2018-06-06.csv,756,759,736,759,"2,520"
2018-06-07.csv,750,750,740,741,"2,130"
2018-06-10.csv,734,745,732,735,"24,480"
2018-06-11.csv,735,745,730,738,"12,470"
2018-06-12.csv,735,740,729,734,"17,845"
2018-06-13.csv,730,735,727,730,"10,440"
2018-06-14.csv,740,740,728,734,"10,890"
2018-06-17.csv,730,730,725,725,"1,287"
2018-06-18.csv,728,730,725,730,"1,335"
2018-06-19.csv,725,735,725,730,"4,895"
2018-06-20.csv,723,723,722,722,495
2018-06-21.csv,724,730,720,730,"1,825"
2018-06-24.csv,727,727,726,726,210
2018-06-25.csv,727,727,724,725,"1,428"
2018-06-26.csv,720,726,720,721,"3,310"
2018-06-27.csv,725,728,715,725,"1,300"
2018-06-28.csv,723,725,720,723,"15,050"
2018-07-01.csv,715,729,715,720,"8,505"
2018-07-02.csv,720,722,719,719,"3,400"
2018-07-03.csv,720,722,712,717,"7,796"
2018-07-04.csv,713,722,713,722,"1,450"
2018-07-05.csv,725,730,720,728,"6,925"
2018-07-08.csv,730,730,725,730,"6,032"
2018-07-09.csv,728,728,728,728,"3,765"
2018-07-10.csv,730,730,710,724,"16,365"
2018-07-11.csv,728,728,714,725,"67,100"
2018-07-12.csv,725,725,720,724,"10,645"
2018-07-15.csv,724,726,718,726,620
2018-07-16.csv,724,724,721,721,450
2018-07-17.csv,715,730,711,730,910
2018-07-18.csv,725,730,719,727,"3,890"
2018-07-19.csv,730,727,723,727,"1,020"
2018-07-22.csv,720,722,719,719,"2,010"
2018-07-23.csv,733,733,718,723,"1,590"
2018-07-24.csv,720,728,720,726,"23,635"
2018-07-25.csv,724,727,721,727,"5,132"
2018-07-26.csv,741,741,721,727,"4,604"
2018-07-29.csv,730,730,724,730,"4,210"
2018-07-30.csv,730,740,730,730,"1,580"
2018-07-31.csv,730,730,722,730,"1,815"
2018-08-01.csv,723,728,716,722,"1,520"
2018-08-02.csv,734,734,717,720,"1,710"
2018-08-05.csv,720,729,720,729,"1,865"
2018-08-06.csv,724,724,721,724,210
2018-08-07.csv,724,725,724,724,"3,120"
2018-08-08.csv,725,727,724,727,"3,030"
2018-08-09.csv,725,726,723,726,"7,355"
2018-08-12.csv,720,725,715,721,"3,200"
2018-08-13.csv,721,738,721,730,"2,178"
2018-08-14.csv,726,732,724,726,"1,890"
2018-08-15.csv,729,740,728,740,"2,008"
2018-08-16.csv,754,750,727,738,"4,770"
2018-08-19.csv,730,738,725,736,"1,450"
2018-08-20.csv,725,734,725,731,"6,220"
2018-08-21.csv,730,733,725,733,"3,628"
2018-08-22.csv,742,742,723,730,"3,710"
2018-08-23.csv,727,732,725,732,"5,430"
2018-08-26.csv,734,734,734,734,10
2018-08-28.csv,728,732,723,730,"2,990"
2018-08-29.csv,722,734,722,727,"1,625"
2018-08-30.csv,722,734,722,734,"5,420"
2018-09-02.csv,724,732,724,732,665
2018-09-03.csv,732,734,725,730,"4,880"
2018-09-04.csv,730,734,726,733,"2,905"
2018-09-05.csv,732,740,730,738,"4,570"
2018-09-06.csv,740,760,734,760,"15,900"
2018-09-09.csv,745,755,742,751,"5,264"
2018-09-10.csv,745,751,742,748,"1,815"
2018-09-11.csv,755,760,748,753,975
2018-09-12.csv,750,767,750,760,"17,105"
2018-09-13.csv,770,804,761,789,"15,480"
2018-09-16.csv,800,800,786,786,"18,370"
2018-09-17.csv,773,793,773,787,"11,292"
2018-09-18.csv,780,789,779,789,"8,395"
2018-09-20.csv,780,794,780,794,"1,100"
2018-09-23.csv,794,794,781,783,"7,735"
2018-09-25.csv,785,785,781,782,"10,575"
2018-09-26.csv,794,794,776,780,"6,780"
2018-09-27.csv,775,782,775,775,"2,880"
2018-09-30.csv,775,780,769,771,"7,860"
2018-10-01.csv,770,770,761,764,"5,390"
2018-10-02.csv,760,775,758,775,"7,530"
2018-10-03.csv,763,772,761,763,"4,180"
2018-10-04.csv,748,769,746,762,"4,405"
2018-10-07.csv,765,775,755,767,"12,230"
2018-10-08.csv,760,785,760,760,"5,900"
2018-10-09.csv,761,781,761,777,"5,180"
2018-10-10.csv,771,780,771,775,"8,692"
2018-10-11.csv,776,783,770,783,"3,825"
2018-10-14.csv,785,787,782,787,"3,057"
2018-10-15.csv,778,784,775,780,"8,958"
2018-10-21.csv,790,789,784,786,450
2018-10-22.csv,777,785,777,785,"4,070"
2018-10-23.csv,775,790,775,781,670
2018-10-24.csv,780,790,780,790,"8,065"
2018-10-25.csv,780,785,780,780,"9,165"
2018-10-28.csv,780,780,771,778,"6,330"
2018-10-29.csv,765,775,765,770,"5,430"
2018-10-30.csv,775,775,771,773,"1,090"
2018-10-31.csv,771,780,770,780,555
2018-11-01.csv,775,777,771,775,445
2018-11-04.csv,774,783,771,783,"2,395"
2018-11-05.csv,778,786,778,785,"27,449"
2018-11-06.csv,785,790,783,782,315
2018-11-11.csv,782,797,780,785,"3,595"
2018-11-12.csv,777,785,775,777,415
2018-11-13.csv,770,794,770,785,"1,225"
2018-11-14.csv,783,785,783,783,251
2018-11-15.csv,798,798,778,782,"4,902"
2018-11-18.csv,776,776,775,775,650
2018-11-19.csv,777,785,775,781,"12,909"
2018-11-20.csv,775,781,766,771,"1,636"
2018-11-21.csv,772,777,764,777,"2,730"
2018-11-22.csv,772,783,772,783,"6,890"
2018-11-25.csv,771,779,770,775,"2,020"
2018-11-26.csv,774,776,770,775,"15,685"
2018-11-27.csv,785,785,774,774,500
2018-11-28.csv,775,778,770,778,"1,365"
2018-11-29.csv,773,777,766,777,715
2018-12-02.csv,764,777,763,770,"3,005"
2018-12-03.csv,763,773,762,773,"4,015"
2018-12-04.csv,774,800,768,800,"5,505"
2018-12-05.csv,781,781,765,767,"3,225"
2018-12-06.csv,765,779,765,769,"1,255"
2018-12-09.csv,769,774,769,774,"1,220"
2018-12-10.csv,779,784,767,774,"1,580"
2018-12-11.csv,772,773,772,773,270
2018-12-12.csv,770,775,769,775,"1,375"
2018-12-13.csv,775,775,765,773,"2,165"
2018-12-16.csv,772,780,771,776,"7,501"
2018-12-17.csv,775,778,772,776,"3,270"
2018-12-18.csv,784,786,775,784,"16,225"
2018-12-19.csv,781,788,780,785,"3,070"
2018-12-20.csv,800,800,781,784,"2,416"
2018-12-23.csv,799,799,785,795,"9,895"
2018-12-24.csv,810,810,785,790,"7,901"
2018-12-25.csv,790,790,780,785,"7,800"
2018-12-26.csv,790,792,785,792,"13,328"
2018-12-27.csv,804,804,790,797,"23,618"
2018-12-30.csv,758,758,743,743,"18,455"
2018-12-31.csv,741,742,731,734,"2,970"
2019-01-01.csv,740,748,734,734,490
2019-01-02.csv,743,743,730,730,370
2019-01-03.csv,740,740,728,731,"22,715"
2019-01-06.csv,733,740,729,734,"16,775"
2019-01-07.csv,748,748,731,731,"1,022"
2019-01-08.csv,735,739,726,733,"1,400"
2019-01-09.csv,739,739,726,730,423
2019-01-10.csv,737,737,725,732,"3,780"
2019-01-13.csv,738,738,728,730,"1,410"
2019-01-14.csv,735,740,725,740,"3,253"
2019-01-15.csv,740,741,735,736,"5,465"
2019-01-16.csv,735,738,724,724,"5,180"
2019-01-17.csv,730,734,726,733,"1,910"
2019-01-20.csv,735,735,735,735,10
2019-01-21.csv,740,740,724,726,"6,850"
2019-01-22.csv,735,735,726,729,"4,193"
2019-01-23.csv,738,738,728,730,"4,090"
2019-01-24.csv,735,735,728,730,"3,120"
2019-01-27.csv,730,730,725,729,"5,155"
2019-01-28.csv,724,728,724,728,890
2019-01-29.csv,730,730,728,730,"4,487"
2019-01-30.csv,722,732,722,730,"1,060"
2019-01-31.csv,730,730,725,729,"5,905"
2019-02-03.csv,720,729,709,714,"49,871"
2019-02-04.csv,714,729,708,708,"9,436"
2019-02-05.csv,714,714,706,712,"16,514"
2019-02-06.csv,708,715,706,710,"7,440"
2019-02-07.csv,715,715,705,707,"3,470"
2019-02-10.csv,705,708,701,703,"7,374"
2019-02-11.csv,708,708,700,705,"6,490"
2019-02-12.csv,719,719,691,700,"3,150"
2019-02-13.csv,713,713,698,698,"5,500"
2019-02-14.csv,694,695,690,695,"4,895"
2019-02-17.csv,700,700,687,687,"1,835"
2019-02-18.csv,690,690,676,676,"3,570"
2019-02-19.csv,689,705,679,688,"1,129"
2019-02-20.csv,697,697,675,688,"1,687"
2019-02-21.csv,700,700,684,689,"2,190"
2019-02-24.csv,685,686,677,678,230
2019-02-25.csv,677,690,675,690,"2,555"
2019-02-26.csv,678,690,677,681,"5,305"
2019-02-27.csv,694,694,681,684,965
2019-03-03.csv,697,697,677,685,926
2019-03-05.csv,689,689,678,680,"3,790"
2019-03-06.csv,675,680,670,680,"4,244"
2019-03-07.csv,685,685,678,684,"3,968"
2019-03-10.csv,684,684,680,682,"1,510"
2019-03-11.csv,674,683,674,678,"5,947"
2019-03-12.csv,685,689,680,683,"3,323"
2019-03-13.csv,689,689,677,681,"1,950"
2019-03-14.csv,680,689,680,685,"5,273"
2019-03-17.csv,690,690,679,683,"1,030"
2019-03-18.csv,684,684,678,683,800
2019-03-19.csv,686,686,673,673,"1,730"
2019-03-21.csv,680,680,672,677,"3,152"
2019-03-24.csv,677,680,674,678,"5,025"
2019-03-25.csv,680,680,670,674,"3,135"
2019-03-26.csv,687,687,675,680,"4,040"
2019-03-27.csv,675,684,670,680,"2,255"
2019-03-28.csv,685,685,676,685,"2,195"
2019-03-31.csv,685,688,677,687,"2,930"
2019-04-01.csv,684,684,677,679,"2,600"
2019-04-02.csv,686,686,677,686,"1,525"
2019-04-03.csv,681,692,677,684,"6,283"
2019-04-04.csv,680,687,677,685,"2,575"
2019-04-07.csv,680,685,680,685,"1,700"
2019-04-08.csv,697,697,677,680,"4,525"
2019-04-09.csv,677,682,677,678,"3,035"
2019-04-10.csv,675,685,675,685,"3,430"
2019-04-11.csv,690,690,677,682,"2,855"
2019-04-15.csv,692,692,677,677,"4,320"
2019-04-16.csv,677,682,675,680,"6,160"
2019-04-17.csv,685,686,678,680,"3,370"
2019-04-18.csv,680,684,680,682,"3,570"
2019-04-21.csv,682,695,680,695,"4,417"
2019-04-22.csv,698,707,685,690,"3,190"
2019-04-23.csv,680,693,680,690,"4,800"
2019-04-24.csv,698,698,690,695,500
2019-04-25.csv,700,704,694,704,"5,385"
2019-04-28.csv,695,710,695,700,"3,725"
2019-04-29.csv,714,728,700,707,860
2019-04-30.csv,709,709,696,700,"1,703"
2019-05-02.csv,687,700,687,698,"1,923"
2019-05-05.csv,685,707,685,703,"3,195"
2019-05-06.csv,700,709,700,700,"3,835"
2019-05-07.csv,712,712,697,704,"5,780"
2019-05-08.csv,715,715,699,704,370
2019-05-09.csv,718,718,694,704,"6,640"
2019-05-12.csv,695,704,695,701,"1,290"
2019-05-13.csv,715,715,695,713,"14,140"
2019-05-14.csv,740,740,706,717,"14,000"
2019-05-15.csv,710,731,710,721,"72,287"
2019-05-16.csv,735,735,715,723,"8,708"
2019-05-19.csv,735,735,723,729,"24,793"
2019-05-20.csv,740,750,729,735,"50,050"
2019-05-21.csv,730,740,729,729,"25,165"
2019-05-22.csv,740,740,730,730,"21,400"
2019-05-23.csv,730,750,716,740,"32,295"
2019-05-26.csv,745,745,726,726,"10,202"
2019-05-27.csv,715,732,715,728,"16,400"
2019-05-28.csv,731,734,716,729,"16,840"
2019-05-29.csv,728,728,722,728,"24,615"
2019-05-30.csv,730,754,725,731,"30,060"
2019-06-02.csv,735,735,711,717,"18,937"
2019-06-03.csv,728,728,712,715,"8,659"
2019-06-04.csv,701,715,701,710,"6,820"
2019-06-06.csv,745,745,680,713,"8,335"
2019-06-10.csv,678,718,678,705,"23,548"
2019-06-11.csv,695,704,695,700,"2,790"
2019-06-12.csv,707,707,696,703,"6,920"
2019-06-13.csv,710,710,692,700,"1,355"
2019-06-16.csv,700,700,690,694,"5,190"
2019-06-17.csv,690,699,690,695,"4,570"
2019-06-18.csv,700,700,690,690,"9,952"
2019-06-19.csv,700,700,690,694,"1,665"
2019-06-20.csv,703,703,691,697,"1,825"
2019-06-23.csv,694,697,690,690,"4,070"
2019-06-24.csv,690,698,690,698,"4,335"
2019-06-25.csv,691,699,691,699,"2,210"
2019-06-26.csv,695,700,695,700,"6,910"
2019-06-27.csv,703,704,696,703,"6,670"
2019-06-30.csv,715,715,696,702,"10,990"
2019-07-01.csv,690,700,690,698,"11,164"
2019-07-02.csv,699,699,692,694,"14,563"
2019-07-03.csv,698,707,694,700,"8,880"
2019-07-04.csv,693,705,693,698,"55,909"
2019-07-07.csv,695,698,692,697,"7,865"
2019-07-08.csv,691,697,690,693,"6,555"
2019-07-09.csv,687,694,687,694,"6,630"
2019-07-10.csv,694,700,685,686,"18,725"
2019-07-11.csv,688,695,683,683,"15,488"
2019-07-14.csv,696,696,681,685,"2,725"
2019-07-15.csv,688,690,686,690,"1,395"
2019-07-16.csv,724,724,685,693,"2,115"
2019-07-17.csv,703,703,692,696,"15,752"
2019-07-18.csv,697,697,692,693,"1,915"
2019-07-21.csv,700,700,690,698,"3,243"
2019-07-22.csv,695,699,695,699,"3,255"
2019-07-23.csv,700,705,693,697,"6,625"
2019-07-24.csv,699,699,693,699,"1,550"
2019-07-25.csv,694,698,693,695,"4,585"
2019-07-28.csv,687,692,687,691,"2,094"
2019-07-29.csv,695,695,687,693,"1,000"
2019-07-30.csv,685,703,685,695,"5,076"
2019-07-31.csv,690,699,690,698,"1,810"
2019-08-01.csv,701,701,694,694,"2,720"
2019-08-04.csv,695,695,691,695,"4,403"
2019-08-05.csv,694,694,690,691,"4,955"
2019-08-06.csv,691,694,690,691,"4,290"
2019-08-07.csv,686,695,686,692,"9,280"
2019-08-08.csv,695,695,687,687,"2,857"
2019-08-11.csv,695,695,686,689,"3,027"
2019-08-12.csv,692,693,687,689,"14,415"
2019-08-13.csv,692,692,685,685,"2,465"
2019-08-14.csv,692,692,680,686,"2,690"
2019-08-15.csv,688,688,670,679,"9,285"
2019-08-18.csv,675,682,666,666,"9,920"
2019-08-19.csv,671,672,668,670,"6,493"
2019-08-20.csv,667,668,663,665,"2,940"
2019-08-21.csv,675,675,665,669,"1,835"
2019-08-22.csv,682,682,666,674,"2,375"
2019-08-25.csv,677,677,665,675,"7,115"
2019-08-26.csv,672,672,665,670,960
2019-08-27.csv,668,675,666,670,"5,835"
2019-08-28.csv,683,683,665,665,965
2019-08-29.csv,670,670,664,667,"3,235"
2019-09-01.csv,664,669,660,663,"3,528"
2019-09-02.csv,676,689,647,658,"7,735"
2019-09-03.csv,655,656,643,655,"10,060"
2019-09-04.csv,660,660,647,653,"13,925"
2019-09-05.csv,659,659,641,651,"4,940"
2019-09-08.csv,645,647,637,639,"7,265"
2019-09-09.csv,650,651,630,632,"7,140"
2019-09-10.csv,633,635,620,630,"5,493"
2019-09-11.csv,626,631,625,629,"2,180"
2019-09-12.csv,623,630,620,626,"12,194"
2019-09-15.csv,630,640,612,624,830
2019-09-16.csv,630,650,606,606,"2,820"
2019-09-17.csv,635,646,620,627,"10,113"
2019-09-18.csv,639,662,626,633,"4,045"
2019-09-19.csv,645,645,625,627,"1,840"
2019-09-22.csv,629,641,613,625,"1,205"
2019-09-23.csv,634,634,622,628,220
2019-09-24.csv,634,634,614,622,"1,785"
2019-09-25.csv,613,633,613,627,960
2019-09-26.csv,615,630,615,627,"3,510"
2019-09-29.csv,635,646,624,629,375
2019-09-30.csv,635,635,614,616,"1,510"
2019-10-01.csv,628,635,620,627,"20,880"
2019-10-02.csv,639,645,625,637,458
2019-10-03.csv,649,649,625,637,"1,285"
2019-10-10.csv,649,649,625,636,590
2019-10-14.csv,647,647,622,629,"11,910"
2019-10-15.csv,640,653,630,634,725
2019-10-16.csv,640,640,623,623,"1,485"
2019-10-17.csv,635,647,620,620,"5,255"
2019-10-21.csv,625,629,618,620,"2,100"
2019-10-22.csv,624,624,616,616,"2,815"
2019-10-23.csv,620,635,619,620,"1,320"
2019-10-24.csv,632,632,625,632,270
2019-10-31.csv,638,642,627,638,"2,460"
2019-11-03.csv,644,645,625,633,"1,587"
2019-11-04.csv,643,643,620,627,770
2019-11-05.csv,629,629,621,624,"2,100"
2019-11-06.csv,625,625,617,617,"1,550"
2019-11-07.csv,618,620,615,615,"2,685"
2019-11-10.csv,627,634,612,623,"3,005"
2019-11-11.csv,626,626,615,618,"3,030"
2019-11-12.csv,619,625,615,620,"5,130"
2019-11-13.csv,632,632,618,622,"2,700"
2019-11-14.csv,634,634,620,620,"1,385"
2019-11-17.csv,630,630,615,624,"6,934"
2019-11-18.csv,630,630,618,624,"1,790"
2019-11-19.csv,617,627,617,626,"2,865"
2019-11-20.csv,630,635,623,623,"1,565"
2019-11-21.csv,627,627,621,624,"5,775"
2019-11-24.csv,621,624,620,621,"2,538"
2019-11-25.csv,632,632,619,628,"2,065"
2019-11-26.csv,635,635,620,622,"2,920"
2019-11-27.csv,622,634,620,634,"4,005"
2019-11-28.csv,635,635,625,633,"2,920"
2019-12-01.csv,638,639,630,639,"1,222"
2019-12-02.csv,639,642,630,637,615
2019-12-03.csv,639,639,620,630,"2,383"
2019-12-04.csv,630,637,625,637,"1,320"
2019-12-05.csv,639,642,639,642,110
2019-12-08.csv,640,673,630,670,"1,902"
2019-12-09.csv,657,667,649,665,"6,915"
2019-12-10.csv,665,678,650,651,"1,667"
2019-12-11.csv,663,670,646,656,"1,290"
2019-12-12.csv,668,669,651,651,825
2019-12-15.csv,664,677,637,659,530
2019-12-16.csv,650,659,636,640,"10,455"
2019-12-17.csv,649,649,637,642,"1,540"
2019-12-18.csv,646,646,640,643,930
2019-12-19.csv,652,652,632,636,"1,808"
2019-12-22.csv,641,643,635,641,"2,262"
2019-12-23.csv,641,659,637,659,"5,000"
2019-12-24.csv,670,670,650,653,"15,459"
2019-12-25.csv,660,660,650,657,"7,225"
2019-12-26.csv,668,668,654,657,"3,815"
2019-12-29.csv,660,664,658,659,"6,455"
2019-12-30.csv,658,662,655,662,"28,830"
2019-12-31.csv,649,649,620,623,"3,034"
2020-01-01.csv,619,623,612,619,"6,310"
2020-01-02.csv,618,618,613,613,"1,420"
2020-01-05.csv,615,620,607,615,"3,890"
2020-01-06.csv,620,620,611,618,"2,275"
2020-01-07.csv,618,624,618,621,"4,440"
2020-01-08.csv,627,639,620,623,"2,730"
2020-01-09.csv,626,626,617,620,"2,060"
2020-01-12.csv,618,636,616,636,"6,781"
2020-01-13.csv,654,667,639,667,"92,406"
2020-01-14.csv,655,669,637,645,"6,905"
2020-01-15.csv,645,645,639,644,"4,051"
2020-01-16.csv,645,656,636,639,"3,415"
2020-01-19.csv,640,650,637,650,"13,006"
2020-01-20.csv,645,645,625,637,"10,351"
2020-01-21.csv,649,649,626,627,"2,040"
2020-01-22.csv,627,633,621,621,"3,120"
2020-01-23.csv,633,645,621,627,"6,965"
2020-01-26.csv,635,635,621,621,"1,262"
2020-01-27.csv,620,629,620,627,"4,050"
2020-01-28.csv,637,637,620,620,"6,925"
2020-01-29.csv,631,631,616,620,"5,090"
2020-01-30.csv,632,644,617,620,"3,320"
2020-02-02.csv,622,623,620,622,"4,636"
2020-02-03.csv,632,634,620,622,"3,766"
2020-02-04.csv,629,630,619,624,"1,585"
2020-02-05.csv,617,626,617,626,"4,607"
2020-02-06.csv,626,630,620,624,"5,525"
2020-02-09.csv,618,623,617,620,"2,630"
2020-02-10.csv,630,630,617,620,"2,965"
2020-02-11.csv,622,622,618,620,"7,614"
2020-02-12.csv,615,631,615,619,"4,015"
2020-02-13.csv,625,629,615,617,"6,950"
2020-02-16.csv,615,629,615,619,"4,930"
2020-02-17.csv,622,631,618,623,"12,815"
2020-02-18.csv,633,633,621,624,"11,155"
2020-02-19.csv,633,648,617,624,"7,782"
2020-02-20.csv,634,635,618,629,"19,515"
2020-02-23.csv,634,650,630,649,"38,559"
2020-02-24.csv,650,696,650,666,"26,199"
2020-02-25.csv,660,732,656,722,"55,741"
2020-02-26.csv,732,768,722,738,"109,373"
2020-02-27.csv,750,750,715,719,"39,988"
2020-03-01.csv,733,790,701,706,"57,238"
2020-03-02.csv,720,720,681,681,"6,922"
2020-03-03.csv,670,700,655,678,"13,762"
2020-03-04.csv,690,690,652,653,"13,663"
2020-03-05.csv,642,666,642,658,"9,456"
2020-03-10.csv,671,671,634,635,"2,653"
2020-03-11.csv,647,666,628,639,"18,140"
2020-03-12.csv,649,649,625,633,"8,127"
2020-03-15.csv,640,640,615,617,"13,363"
2020-03-16.csv,625,626,610,620,"14,334"
2020-03-17.csv,632,632,607,609,"27,730"
2020-03-18.csv,615,615,600,605,"16,277"
2020-03-19.csv,605,617,600,610,"33,369"
2020-03-22.csv,622,632,610,623,275
