,Date,Open,High,Low,Close,Volume
0,2012-01-01.csv,873,879,851,879,799
1,2012-01-02.csv,879,913,882,900,1002
2,2012-01-03.csv,900,916,892,892,2653
3,2012-01-04.csv,892,875,842,865,490
4,2012-01-05.csv,865,875,858,858,121
5,2012-01-08.csv,858,845,814,830,4835
6,2012-01-09.csv,830,846,830,846,195
7,2012-01-10.csv,858,862,845,845,658
8,2012-01-11.csv,845,874,845,874,969
9,2012-01-12.csv,874,904,860,904,773
10,2012-01-16.csv,904,886,867,879,235
11,2012-01-17.csv,879,865,820,861,2244
12,2012-01-19.csv,861,882,830,882,1617
13,2012-01-22.csv,882,870,836,836,1273
14,2012-01-23.csv,836,843,826,835,1255
15,2012-01-25.csv,835,840,825,840,442
16,2012-01-26.csv,840,830,826,830,408
17,2012-01-29.csv,830,830,823,830,496
18,2012-01-31.csv,830,845,842,842,143
19,2012-02-01.csv,842,840,832,832,250
20,2012-02-02.csv,832,850,833,850,382
21,2012-02-05.csv,850,840,824,829,1035
22,2012-02-06.csv,829,829,824,824,545
23,2012-02-07.csv,824,833,820,830,816
24,2012-02-08.csv,830,841,830,841,187
25,2012-02-09.csv,841,840,830,840,437
26,2012-02-12.csv,840,843,828,843,1780
27,2012-02-13.csv,843,876,832,876,885
28,2012-02-14.csv,876,870,860,860,447
29,2012-02-15.csv,860,860,843,843,182
30,2012-02-16.csv,843,850,833,850,1286
31,2012-02-21.csv,850,850,836,850,170
32,2012-02-23.csv,850,850,845,850,79
33,2012-02-26.csv,850,856,833,844,1025
34,2012-02-27.csv,844,847,831,847,1055
35,2012-02-28.csv,847,867,845,867,825
36,2012-02-29.csv,867,869,860,861,602
37,2012-03-01.csv,861,887,865,887,497
38,2012-03-04.csv,887,876,870,874,590
39,2012-03-05.csv,874,887,866,883,571
40,2012-03-06.csv,883,885,875,882,301
41,2012-03-11.csv,882,885,868,885,361
42,2012-03-12.csv,885,882,880,880,256
43,2012-03-13.csv,880,880,863,880,501
44,2012-03-14.csv,880,875,860,860,389
45,2012-03-15.csv,860,852,836,852,446
46,2012-03-18.csv,852,869,850,867,168
47,2012-03-19.csv,867,882,853,882,281
48,2012-03-20.csv,882,874,847,874,307
49,2012-03-21.csv,874,878,850,878,900
50,2012-03-25.csv,878,878,845,878,521
51,2012-03-26.csv,878,861,861,861,50
52,2012-03-27.csv,861,873,850,867,342
53,2012-03-28.csv,867,867,850,867,317
54,2012-03-29.csv,867,867,850,867,64
55,2012-04-01.csv,867,852,835,852,981
56,2012-04-02.csv,852,880,852,880,270
57,2012-04-03.csv,880,891,867,875,145
58,2012-04-04.csv,875,902,878,902,106
59,2012-04-08.csv,902,895,879,895,318
60,2012-04-09.csv,895,901,884,901,906
61,2012-04-10.csv,901,892,890,890,249
62,2012-04-11.csv,890,925,885,910,1173
63,2012-04-12.csv,910,988,920,988,1316
64,2012-04-15.csv,988,1075,1007,1075,1840
65,2012-04-17.csv,1075,1182,994,1000,2664
66,2012-04-18.csv,1000,1081,951,1081,1741
67,2012-04-19.csv,1081,1144,1078,1130,3104
68,2012-04-22.csv,1130,1200,1130,1200,3423
69,2012-04-24.csv,1200,1320,1224,1320,880
70,2012-04-25.csv,1320,1452,1346,1450,3631
71,2012-04-26.csv,1450,1550,1400,1550,6246
72,2012-04-29.csv,1550,1538,1461,1500,4632
73,2012-04-30.csv,1500,1470,1380,1400,2746
74,2012-05-02.csv,1400,1372,1260,1260,956
75,2012-05-03.csv,1260,1386,1285,1386,522
76,2012-05-07.csv,1386,1524,1413,1524,1302
77,2012-05-08.csv,1524,1585,1470,1524,4092
78,2012-05-09.csv,1524,1554,1415,1459,6781
79,2012-05-10.csv,1459,1453,1387,1420,3591
80,2012-05-13.csv,1420,1392,1290,1302,1788
81,2012-05-14.csv,1302,1276,1200,1219,2577
82,2012-05-15.csv,1219,1340,1219,1340,2424
83,2012-05-16.csv,1340,1474,1340,1474,1090
84,2012-05-17.csv,1474,1563,1421,1450,6367
85,2012-05-20.csv,1450,1458,1390,1450,1648
86,2012-05-21.csv,1450,1460,1400,1445,3948
87,2012-05-22.csv,1445,1438,1380,1438,1664
88,2012-05-23.csv,1438,1410,1325,1325,617
89,2012-05-24.csv,1325,1400,1300,1369,3006
90,2012-05-27.csv,1369,1448,1372,1420,4735
91,2012-05-29.csv,1420,1392,1338,1338,30
92,2012-05-30.csv,1338,1312,1205,1205,399
93,2012-05-31.csv,1205,1228,1113,1200,5417
94,2012-06-03.csv,1200,1320,1210,1313,2718
95,2012-06-04.csv,1313,1313,1265,1290,2280
96,2012-06-05.csv,1290,1265,1217,1242,1088
97,2012-06-06.csv,1242,1221,1190,1206,4535
98,2012-06-07.csv,1206,1258,1210,1225,1504
99,2012-06-10.csv,1225,1210,1188,1205,1572
100,2012-06-11.csv,1205,1253,1200,1200,602
101,2012-06-12.csv,1200,1210,1195,1210,1025
102,2012-06-13.csv,1210,1220,1201,1220,197
103,2012-06-14.csv,1220,1215,1196,1212,903
104,2012-06-17.csv,1212,1205,1194,1205,306
105,2012-06-18.csv,1205,1224,1200,1210,320
106,2012-06-19.csv,1210,1211,1186,1211,624
107,2012-06-20.csv,1211,1258,1195,1212,226
108,2012-06-21.csv,1212,1212,1200,1205,730
109,2012-06-25.csv,1205,1264,1197,1264,721
110,2012-06-26.csv,1264,1239,1218,1226,358
111,2012-06-27.csv,1226,1264,1240,1249,1302
112,2012-06-28.csv,1249,1298,1250,1267,1238
113,2012-07-01.csv,1267,1260,1250,1260,1135
114,2012-07-02.csv,1260,1250,1242,1245,790
115,2012-07-03.csv,1245,1280,1250,1280,1302
116,2012-07-04.csv,1280,1325,1281,1302,784
117,2012-07-05.csv,1302,1293,1276,1293,789
118,2012-07-08.csv,1293,1281,1265,1281,1230
119,2012-07-09.csv,1281,1285,1260,1275,907
120,2012-07-10.csv,1275,1302,1288,1300,955
121,2012-07-11.csv,1300,1316,1310,1310,1338
122,2012-07-12.csv,1310,1319,1301,1319,1100
123,2012-07-15.csv,1319,1365,1338,1355,1155
124,2012-07-16.csv,1355,1353,1340,1350,904
125,2012-07-17.csv,1350,1371,1350,1371,2701
126,2012-07-18.csv,1371,1395,1368,1382,2406
127,2012-07-19.csv,1382,1443,1400,1430,1362
128,2012-07-22.csv,1430,1478,1430,1475,4131
129,2012-07-23.csv,1475,1502,1478,1483,3631
130,2012-07-24.csv,1483,1486,1447,1474,3187
131,2012-07-25.csv,1474,1490,1462,1470,2707
132,2012-07-26.csv,1470,1465,1450,1450,1828
133,2012-07-29.csv,1450,1450,1431,1440,943
134,2012-07-30.csv,1440,1455,1420,1450,2028
135,2012-07-31.csv,1450,1462,1441,1450,651
136,2012-08-01.csv,1450,1470,1450,1460,2222
137,2012-08-05.csv,1460,1470,1440,1470,969
138,2012-08-06.csv,1470,1481,1470,1478,897
139,2012-08-07.csv,1478,1486,1470,1480,975
140,2012-08-08.csv,1480,1475,1460,1469,1167
141,2012-08-12.csv,1469,1460,1451,1451,508
142,2012-08-13.csv,1451,1500,1455,1461,3040
143,2012-08-14.csv,1461,1473,1450,1455,1350
144,2012-08-15.csv,1455,1460,1445,1450,2545
145,2012-08-16.csv,1450,1475,1447,1469,2466
146,2012-08-19.csv,1469,1451,1441,1451,385
147,2012-08-21.csv,1451,1465,1430,1465,2488
148,2012-08-22.csv,1465,1472,1451,1462,1036
149,2012-08-23.csv,1462,1468,1441,1465,1546
150,2012-08-26.csv,1465,1465,1430,1439,569
151,2012-08-27.csv,1439,1450,1436,1450,1059
152,2012-08-28.csv,1450,1451,1437,1437,1216
153,2012-08-29.csv,1437,1440,1423,1440,1265
154,2012-08-30.csv,1440,1437,1405,1437,1420
155,2012-09-02.csv,1437,1464,1440,1462,1427
156,2012-09-03.csv,1462,1469,1450,1460,731
157,2012-09-04.csv,1460,1459,1432,1455,683
158,2012-09-05.csv,1455,1460,1440,1451,681
159,2012-09-06.csv,1451,1451,1440,1443,2276
160,2012-09-09.csv,1443,1449,1435,1448,1031
161,2012-09-10.csv,1448,1441,1426,1426,524
162,2012-09-11.csv,1426,1520,1454,1490,7009
163,2012-09-12.csv,1490,1505,1480,1480,5042
164,2012-09-13.csv,1480,1489,1478,1481,1771
165,2012-09-16.csv,1481,1491,1480,1485,1019
166,2012-09-17.csv,1485,1488,1481,1488,1287
167,2012-09-18.csv,1488,1500,1486,1486,897
168,2012-09-19.csv,1486,1490,1480,1482,998
169,2012-09-20.csv,1482,1470,1445,1470,350
170,2012-09-23.csv,1470,1460,1442,1452,921
171,2012-09-24.csv,1452,1436,1410,1436,898
172,2012-09-25.csv,1436,1434,1415,1426,1942
173,2012-09-26.csv,1426,1452,1400,1410,6206
174,2012-09-30.csv,1419,1444,1400,1400,1097
175,2012-10-01.csv,1400,1428,1400,1402,4518
176,2012-10-01.csv,1400,1428,1400,1402,4518
177,2012-10-02.csv,1402,1413,1375,1385,5576
178,2012-10-03.csv,1385,1131,1120,1120,218
179,2012-10-04.csv,1120,1125,1101,1125,723
180,2012-10-07.csv,1125,1145,1133,1145,1039
181,2012-10-08.csv,1145,1160,1145,1150,570
182,2012-10-09.csv,1150,1162,1140,1162,514
183,2012-10-10.csv,1162,1152,1143,1152,224
184,2012-10-11.csv,1152,1140,1135,1135,377
185,2012-10-14.csv,1135,1157,1135,1157,177
186,2012-10-15.csv,1157,1160,1160,1160,26
187,2012-10-17.csv,1160,1160,1160,1160,211
188,2012-10-18.csv,1160,1165,1137,1165,636
189,2012-10-30.csv,1165,1224,1185,1224,291
190,2012-10-31.csv,1224,1248,1224,1247,806
191,2012-11-01.csv,1247,1249,1220,1249,1358
192,2012-11-04.csv,1249,1290,1250,1265,602
193,2012-11-05.csv,1265,1310,1280,1280,521
194,2012-11-06.csv,1280,1329,1300,1316,2280
195,2012-11-07.csv,1316,1447,1342,1447,1661
196,2012-11-08.csv,1447,1575,1475,1504,5562
197,2012-11-11.csv,1504,1505,1376,1410,3220
198,2012-11-12.csv,1410,1455,1400,1455,1858
199,2012-11-18.csv,1455,1504,1455,1503,5211
200,2012-11-20.csv,1503,1572,1529,1550,3483
201,2012-11-21.csv,1550,1565,1525,1535,2159
202,2012-11-22.csv,1535,1510,1480,1510,3477
203,2012-11-25.csv,1510,1517,1480,1501,5926
204,2012-11-26.csv,1501,1492,1470,1478,1592
205,2012-11-27.csv,1478,1485,1467,1485,2331
206,2012-11-28.csv,1485,1499,1460,1499,1685
207,2012-11-29.csv,1499,1470,1452,1460,513
208,2012-12-02.csv,1460,1461,1426,1445,3251
209,2012-12-03.csv,1445,1460,1403,1460,1078
210,2012-12-04.csv,1460,1489,1460,1466,1708
211,2012-12-05.csv,1466,1510,1475,1503,6029
212,2012-12-06.csv,1503,1500,1475,1498,2285
213,2012-12-09.csv,1498,1475,1450,1450,718
214,2012-12-10.csv,1450,1450,1420,1450,1548
215,2012-12-11.csv,1450,1464,1445,1450,742
216,2012-12-12.csv,1450,1485,1450,1480,1125
217,2012-12-13.csv,1480,1509,1465,1490,601
218,2012-12-16.csv,1490,1534,1500,1528,4987
219,2012-12-17.csv,1528,1579,1535,1559,5971
220,2012-12-18.csv,1559,1528,1500,1522,2787
221,2012-12-19.csv,1522,1555,1523,1547,4192
222,2012-12-20.csv,1547,1559,1530,1556,4104
223,2012-12-23.csv,1556,1575,1545,1575,4289
224,2012-12-24.csv,1575,1579,1550,1567,6737
225,2012-12-26.csv,1567,1623,1560,1615,5465
226,2012-12-27.csv,1615,1701,1506,1701,7127
227,2012-12-31.csv,1701,1695,1610,1693,3896
228,2013-01-01.csv,1693,1698,1660,1660,2821
229,2013-01-02.csv,1660,1684,1635,1661,3397
230,2013-01-03.csv,1661,1690,1660,1689,5596
231,2013-01-06.csv,1689,1698,1675,1675,1363
232,2013-01-07.csv,1675,1683,1650,1665,4852
233,2013-01-08.csv,1665,1665,1653,1654,619
234,2013-01-09.csv,1654,1650,1640,1650,1314
235,2013-01-10.csv,1650,1646,1620,1640,2114
236,2013-01-13.csv,1640,1665,1646,1650,1896
237,2013-01-15.csv,1650,1668,1650,1650,1850
238,2013-01-16.csv,1650,1662,1640,1650,1823
239,2013-01-17.csv,1650,1635,1617,1620,2605
240,2013-01-20.csv,1620,1590,1540,1550,2151
241,2013-01-21.csv,1550,1612,1581,1590,468
242,2013-01-22.csv,1590,1620,1590,1600,1194
243,2013-01-23.csv,1600,1600,1575,1583,1800
244,2013-01-24.csv,1583,1601,1578,1601,3866
245,2013-01-28.csv,1605,1610,1591,1605,2032
246,2013-01-30.csv,1605,1606,1580,1585,6011
247,2013-01-31.csv,1585,1593,1580,1580,2399
248,2013-02-03.csv,1580,1625,1595,1620,4537
249,2013-02-04.csv,1620,1624,1600,1622,1449
250,2013-02-05.csv,1622,1625,1600,1605,2714
251,2013-02-06.csv,1605,1609,1595,1608,4577
252,2013-02-07.csv,1608,1611,1600,1606,1056
253,2013-02-10.csv,1606,1687,1637,1655,4707
254,2013-02-12.csv,1655,1735,1688,1730,5007
255,2013-02-13.csv,1730,1729,1682,1711,5548
256,2013-02-14.csv,1711,1755,1737,1749,5508
257,2013-02-17.csv,1749,1923,1783,1890,3388
258,2013-02-19.csv,1890,2000,1862,1866,11302
259,2013-02-20.csv,1866,1870,1813,1840,3753
260,2013-02-21.csv,1840,1894,1820,1850,4683
261,2013-02-24.csv,1850,1860,1840,1851,1719
262,2013-02-25.csv,1851,1950,1850,1885,2323
263,2013-02-26.csv,1885,1922,1880,1899,4719
264,2013-02-27.csv,1899,1875,1862,1870,1777
265,2013-02-28.csv,1870,1889,1868,1888,1426
266,2013-03-03.csv,1888,1889,1871,1887,3654
267,2013-03-04.csv,1887,1886,1875,1880,2969
268,2013-03-05.csv,1880,1888,1855,1868,5639
269,2013-03-06.csv,1868,1895,1860,1890,1309
270,2013-03-07.csv,1890,1925,1850,1925,4043
271,2013-03-11.csv,1925,1939,1880,1900,2354
272,2013-03-13.csv,1900,1911,1872,1908,3412
273,2013-03-14.csv,1908,1998,1900,1921,2905
274,2013-03-17.csv,1921,1916,1900,1904,2533
275,2013-03-18.csv,1904,1909,1861,1880,1067
276,2013-03-19.csv,1880,1923,1860,1890,1872
277,2013-03-20.csv,1890,1901,1875,1878,688
278,2013-03-21.csv,1878,1900,1870,1880,498
279,2013-03-24.csv,1880,1851,1825,1835,2994
280,2013-03-25.csv,1835,1852,1800,1852,2653
281,2013-03-27.csv,1852,1888,1841,1849,2300
282,2013-03-28.csv,1849,1852,1825,1852,4364
283,2013-03-31.csv,1852,1830,1785,1785,2556
284,2013-04-01.csv,1785,1811,1750,1795,3861
285,2013-04-02.csv,1795,1856,1760,1830,2688
286,2013-04-03.csv,1830,1840,1820,1825,1741
287,2013-04-04.csv,1825,1825,1801,1808,2424
288,2013-04-07.csv,1808,1808,1780,1790,1811
289,2013-04-08.csv,1790,1820,1787,1800,785
290,2013-04-09.csv,1800,1850,1801,1850,2545
291,2013-04-11.csv,1850,1860,1835,1845,3477
292,2013-04-15.csv,1845,1849,1815,1835,1900
293,2013-04-16.csv,1835,1845,1815,1830,3250
294,2013-04-17.csv,1830,1826,1805,1805,1167
295,2013-04-18.csv,1805,1830,1806,1815,1755
296,2013-04-21.csv,1815,1835,1805,1820,1114
297,2013-04-22.csv,1820,1820,1750,1765,3818
298,2013-04-23.csv,1765,1836,1790,1804,1983
299,2013-04-25.csv,1804,1800,1780,1780,1273
300,2013-04-28.csv,1780,1777,1770,1770,1757
301,2013-04-29.csv,1770,1795,1770,1770,1506
302,2013-04-30.csv,1770,1785,1769,1770,515
303,2013-05-02.csv,1770,1771,1740,1770,1071
304,2013-05-05.csv,1770,1780,1720,1735,1168
305,2013-05-06.csv,1735,1715,1678,1678,848
306,2013-05-07.csv,1678,1738,1675,1704,3840
307,2013-05-08.csv,1704,1700,1690,1690,234
308,2013-05-09.csv,1690,1702,1685,1685,998
309,2013-05-12.csv,1685,1718,1660,1681,3800
310,2013-05-13.csv,1681,1718,1680,1718,2165
311,2013-05-14.csv,1718,1722,1690,1690,3704
312,2013-05-15.csv,1690,1723,1690,1695,9162
313,2013-05-16.csv,1695,1750,1700,1750,1993
314,2013-05-19.csv,1750,1765,1720,1726,10617
315,2013-05-20.csv,1726,1760,1730,1745,2532
316,2013-05-21.csv,1745,1753,1740,1750,3286
317,2013-05-22.csv,1750,1763,1735,1745,2178
318,2013-05-23.csv,1745,1745,1725,1745,3462
319,2013-05-26.csv,1745,1750,1740,1741,1188
320,2013-05-27.csv,1741,1804,1760,1804,1415
321,2013-05-28.csv,1804,1785,1760,1761,1016
322,2013-05-30.csv,1761,1761,1745,1745,2567
323,2013-06-02.csv,1745,1754,1730,1730,1852
324,2013-06-03.csv,1730,1760,1749,1750,669
325,2013-06-04.csv,1750,1755,1740,1750,590
326,2013-06-05.csv,1750,1750,1744,1744,357
327,2013-06-06.csv,1744,1750,1731,1746,746
328,2013-06-09.csv,1746,1740,1740,1740,1721
329,2013-06-10.csv,1740,1742,1735,1740,3401
330,2013-06-11.csv,1740,1755,1744,1752,630
331,2013-06-12.csv,1752,1743,1735,1736,812
332,2013-06-13.csv,1736,1735,1725,1728,1716
333,2013-06-16.csv,1728,1740,1725,1738,1064
334,2013-06-17.csv,1738,1731,1720,1720,1445
335,2013-06-18.csv,1720,1721,1701,1719,1011
336,2013-06-19.csv,1719,1722,1706,1721,1715
337,2013-06-20.csv,1721,1715,1706,1711,1816
338,2013-06-23.csv,1711,1718,1700,1715,528
339,2013-06-24.csv,1715,1721,1705,1716,812
340,2013-06-25.csv,1716,1730,1709,1730,1982
341,2013-06-26.csv,1730,1785,1730,1765,2051
342,2013-06-27.csv,1765,1785,1750,1773,1651
343,2013-06-30.csv,1773,1771,1730,1750,1692
344,2013-07-01.csv,1750,1759,1745,1747,1948
345,2013-07-02.csv,1747,1748,1740,1748,869
346,2013-07-03.csv,1748,1753,1725,1743,1706
347,2013-07-04.csv,1743,1746,1735,1741,1636
348,2013-07-07.csv,1741,1747,1730,1741,2216
349,2013-07-08.csv,1741,1754,1736,1750,2866
350,2013-07-09.csv,1750,1779,1753,1779,1603
351,2013-07-10.csv,1779,1809,1780,1805,5003
352,2013-07-11.csv,1805,1795,1786,1786,632
353,2013-07-14.csv,1786,1800,1788,1790,1240
354,2013-07-15.csv,1790,1823,1810,1815,553
355,2013-07-16.csv,1815,1819,1795,1800,2427
356,2013-07-17.csv,1800,1825,1801,1825,3409
357,2013-07-18.csv,1825,1872,1811,1865,5092
358,2013-07-21.csv,1865,1970,1890,1910,5250
359,2013-07-22.csv,1910,1915,1885,1885,1031
360,2013-07-23.csv,1885,1920,1870,1920,898
361,2013-07-24.csv,1920,1900,1843,1890,2886
362,2013-07-25.csv,1890,1905,1880,1889,1962
363,2013-07-28.csv,1889,1918,1880,1905,2279
364,2013-07-29.csv,1905,1910,1890,1900,2562
365,2013-07-30.csv,1900,1915,1900,1910,2927
366,2013-07-31.csv,1910,1935,1900,1925,2384
367,2013-08-01.csv,1925,1950,1900,1910,2696
368,2013-08-04.csv,1910,1915,1891,1915,3186
369,2013-08-05.csv,1915,1901,1890,1895,1105
370,2013-08-06.csv,1895,1905,1885,1903,2029
371,2013-08-07.csv,1903,1920,1890,1890,635
372,2013-08-08.csv,1890,1926,1880,1900,2663
373,2013-08-11.csv,1900,1875,1850,1870,867
374,2013-08-12.csv,1870,1870,1842,1850,1648
375,2013-08-13.csv,1850,1850,1812,1830,2663
376,2013-08-14.csv,1830,1860,1819,1819,1105
377,2013-08-15.csv,1819,1845,1818,1845,651
378,2013-08-18.csv,1845,1845,1822,1825,1294
379,2013-08-19.csv,1825,1850,1830,1838,1782
380,2013-08-20.csv,1838,1855,1830,1855,807
381,2013-08-25.csv,1855,1870,1850,1860,1577
382,2013-08-26.csv,1860,1860,1840,1851,1868
383,2013-08-27.csv,1851,1859,1840,1853,1193
384,2013-08-29.csv,1853,1856,1830,1834,1962
385,2013-09-01.csv,1834,1840,1830,1830,787
386,2013-09-02.csv,1830,1825,1820,1820,802
387,2013-09-03.csv,1820,1828,1800,1820,3564
388,2013-09-04.csv,1820,1840,1803,1820,2269
389,2013-09-05.csv,1820,1820,1799,1820,3902
390,2013-09-08.csv,1820,2002,1856,2002,9905
391,2013-09-09.csv,2002,2039,1961,1965,8448
392,2013-09-10.csv,1965,1965,1926,1940,5604
393,2013-09-11.csv,1940,1958,1940,1958,5974
394,2013-09-12.csv,1958,1975,1960,1965,3529
395,2013-09-15.csv,1965,1995,1960,1990,9143
396,2013-09-16.csv,1990,2002,1990,1996,4647
397,2013-09-17.csv,1996,2003,1985,2000,9843
398,2013-09-19.csv,2000,1991,1965,1980,2291
399,2013-09-22.csv,1980,1980,1950,1975,2397
400,2013-09-23.csv,1975,1975,1941,1970,3089
401,2013-09-24.csv,1970,1990,1961,1980,4740
402,2013-09-25.csv,1980,1986,1976,1980,2790
403,2013-09-26.csv,1980,2000,1979,1980,837
404,2013-09-29.csv,1980,1990,1970,1975,2802
405,2013-09-30.csv,1975,1980,1975,1975,1938
406,2013-10-01.csv,1975,2012,1974,1980,2887
407,2013-10-02.csv,1980,1985,1950,1983,1303
408,2013-10-03.csv,1983,1980,1960,1976,2340
409,2013-10-06.csv,1976,1980,1970,1980,1379
410,2013-10-07.csv,1980,1995,1980,1992,1594
411,2013-10-08.csv,1992,2010,1995,2010,2489
412,2013-10-09.csv,2010,2014,2000,2008,2821
413,2013-10-10.csv,2008,2035,2015,2030,1255
414,2013-10-17.csv,2030,2065,2035,2065,3332
415,2013-10-20.csv,2065,2151,2050,2150,8573
416,2013-10-21.csv,2150,2240,2124,2200,6354
417,2013-10-22.csv,2200,2200,2100,2150,7336
418,2013-10-23.csv,2150,2160,2111,2140,2544
419,2013-10-24.csv,2140,2160,2118,2160,3527
420,2013-10-27.csv,2160,2201,2117,2200,3228
421,2013-10-28.csv,2200,2230,2191,2198,5747
422,2013-10-29.csv,2198,2204,2190,2201,2987
423,2013-10-30.csv,2201,2206,2195,2200,8171
424,2013-10-31.csv,2200,2208,2195,2198,5454
425,2013-11-06.csv,2198,2200,2191,2194,1535
426,2013-11-07.csv,2194,2199,2175,2175,3254
427,2013-11-11.csv,2170,2210,2150,2201,10578
428,2013-11-12.csv,2200,2250,2200,2205,3891
429,2013-11-13.csv,2205,2240,2205,2213,8998
430,2013-11-14.csv,2213,2260,2200,2229,9683
431,2013-11-21.csv,2229,2451,2273,2451,10177
432,2013-11-24.csv,2451,2567,2400,2523,7026
433,2013-11-25.csv,2523,2478,2380,2447,4977
434,2013-11-26.csv,2447,2440,2380,2390,5083
435,2013-11-27.csv,2390,2390,2365,2380,1841
436,2013-11-28.csv,2380,2380,2333,2380,3395
437,2013-12-01.csv,2380,2495,2427,2474,5618
438,2013-12-02.csv,2474,2500,2470,2491,5399
439,2013-12-03.csv,2491,2605,2491,2575,6324
440,2013-12-04.csv,2575,2725,2610,2715,6447
441,2013-12-05.csv,2715,2800,2695,2720,9860
442,2013-12-08.csv,2720,2790,2700,2750,18668
443,2013-12-09.csv,2200,2400,2244,2290,5002
444,2013-12-10.csv,2290,2290,2240,2255,1767
445,2013-12-11.csv,2255,2305,2260,2290,2056
446,2013-12-12.csv,2290,2300,2240,2245,1285
447,2013-12-15.csv,2245,2300,2216,2300,1243
448,2013-12-16.csv,2300,2386,2310,2386,716
449,2013-12-18.csv,2386,2410,2386,2410,900
450,2013-12-19.csv,2410,2400,2257,2399,3807
451,2013-12-22.csv,2399,2405,2361,2362,2354
452,2013-12-23.csv,2357,2330,2245,2245,1786
453,2013-12-24.csv,2245,2280,2245,2258,2047
454,2013-12-26.csv,2258,2320,2260,2270,4278
455,2013-12-29.csv,2270,2275,2220,2250,3809
456,2013-12-31.csv,2250,2250,2200,2210,2064
457,2014-01-01.csv,2210,2180,2142,2151,433
458,2014-01-02.csv,2151,2150,2090,2125,10110
459,2014-01-05.csv,2125,2125,2100,2125,5113
460,2014-01-06.csv,2125,2118,2095,2110,3381
461,2014-01-07.csv,2110,2135,2070,2126,4731
462,2014-01-08.csv,2126,2180,2100,2168,2502
463,2014-01-09.csv,2168,2172,2125,2172,1115
464,2014-01-12.csv,2172,2225,2105,2225,1788
465,2014-01-13.csv,2225,2260,2225,2250,1385
466,2014-01-14.csv,2250,2250,2220,2220,287
467,2014-01-16.csv,2220,2230,2199,2199,163
468,2014-01-19.csv,2199,2230,2190,2210,1484
469,2014-01-20.csv,2210,2200,2166,2185,1001
470,2014-01-21.csv,2185,2177,2100,2129,1824
471,2014-01-22.csv,2129,2115,2070,2090,2490
472,2014-01-23.csv,2090,2100,2050,2080,1919
473,2014-01-26.csv,2080,2100,2035,2085,2305
474,2014-01-27.csv,2085,2105,2075,2075,700
475,2014-01-28.csv,2075,2085,2040,2057,3039
476,2014-01-29.csv,2057,2060,2025,2050,1516
477,2014-02-02.csv,2050,2061,2020,2060,3221
478,2014-02-03.csv,2060,2025,1995,2009,1729
479,2014-02-04.csv,2009,2020,2000,2015,701
480,2014-02-06.csv,2060,2077,2050,2077,3009
481,2014-02-09.csv,2077,2100,2075,2100,884
482,2014-02-10.csv,2100,2227,2142,2155,3551
483,2014-02-11.csv,2155,2130,2100,2130,2034
484,2014-02-12.csv,2130,2124,2090,2102,1982
485,2014-02-13.csv,2102,2103,2089,2095,902
486,2014-02-16.csv,2095,2100,2075,2080,1096
487,2014-02-17.csv,2080,2100,2080,2088,687
488,2014-02-18.csv,2088,2105,2085,2105,814
489,2014-02-20.csv,2105,2140,2098,2098,466
490,2014-02-23.csv,2098,2150,2100,2108,4237
491,2014-02-24.csv,2108,2140,2107,2133,2640
492,2014-02-25.csv,2133,2130,2100,2130,1845
493,2014-02-26.csv,2130,2180,2100,2149,1200
494,2014-03-03.csv,2149,2130,2059,2065,1114
495,2014-03-04.csv,2065,2065,1975,2015,2767
496,2014-03-05.csv,2015,2090,2000,2090,1527
497,2014-03-06.csv,2090,2050,2001,2015,1631
498,2014-03-09.csv,2015,2055,1990,2000,1254
499,2014-03-10.csv,2000,2005,1965,1980,904
500,2014-03-11.csv,1980,1981,1960,1979,1671
501,2014-03-12.csv,1979,1970,1870,1955,4854
502,2014-03-13.csv,1955,1930,1900,1907,2402
503,2014-03-17.csv,1907,1885,1840,1855,1944
504,2014-03-18.csv,1855,1865,1799,1799,2968
505,2014-03-19.csv,1799,1876,1790,1845,5212
506,2014-03-20.csv,1845,1910,1840,1910,2633
507,2014-03-23.csv,1910,1895,1881,1886,1880
508,2014-03-24.csv,1886,1940,1910,1915,1043
509,2014-03-25.csv,1915,1910,1880,1900,1319
510,2014-03-26.csv,1900,1895,1871,1872,781
511,2014-03-27.csv,1872,1905,1877,1900,2287
512,2014-03-31.csv,1900,1911,1895,1895,1049
513,2014-04-01.csv,1895,1920,1880,1900,2849
514,2014-04-02.csv,1900,1920,1900,1900,4093
515,2014-04-03.csv,1900,1950,1915,1950,1392
516,2014-04-06.csv,1950,2000,1965,1965,438
517,2014-04-07.csv,1965,1950,1893,1945,3054
518,2014-04-09.csv,1945,1960,1900,1960,1858
519,2014-04-10.csv,1960,2000,1961,1989,2242
520,2014-04-13.csv,1989,2009,1970,1995,4388
521,2014-04-15.csv,1995,2003,1995,1995,572
522,2014-04-16.csv,1995,1991,1970,1990,606
523,2014-04-17.csv,1990,1980,1943,1943,1617
524,2014-04-20.csv,1943,1950,1944,1950,2145
525,2014-04-21.csv,1950,1950,1920,1930,1235
526,2014-04-22.csv,1930,1960,1930,1930,382
527,2014-04-23.csv,1930,1940,1918,1940,699
528,2014-04-27.csv,1940,1930,1890,1900,1374
529,2014-04-28.csv,1900,1920,1890,1910,1057
530,2014-04-29.csv,1910,1910,1910,1910,45
531,2014-04-30.csv,1910,1940,1910,1940,326
532,2014-05-04.csv,1940,1940,1904,1935,3143
533,2014-05-05.csv,1935,1965,1940,1960,1684
534,2014-05-06.csv,1960,2077,1999,2030,2557
535,2014-05-07.csv,2030,2111,2040,2040,2142
536,2014-05-08.csv,2040,2020,2000,2012,1301
537,2014-05-11.csv,2012,2040,1995,2013,1554
538,2014-05-12.csv,2013,2040,1995,2015,2015
539,2014-05-13.csv,2015,2030,1990,2000,1034
540,2014-05-15.csv,2000,2029,1960,1960,1801
541,2014-05-15.csv,2000,2029,1960,1960,1801
542,2014-05-18.csv,1960,1965,1941,1950,3500
543,2014-05-19.csv,1950,1950,1882,1925,4777
544,2014-05-20.csv,1925,1940,1903,1915,3836
545,2014-05-21.csv,1915,1926,1890,1915,3692
546,2014-05-22.csv,1915,1925,1859,1859,21890
547,2014-05-25.csv,1859,1945,1788,1922,27558
548,2014-05-26.csv,1922,1989,1900,1989,8695
549,2014-05-27.csv,1989,1960,1925,1950,5571
550,2014-05-28.csv,1950,1989,1940,1985,3993
551,2014-06-01.csv,1985,2050,1970,2035,6733
552,2014-06-02.csv,2035,2065,2020,2050,8876
553,2014-06-03.csv,2050,2090,2057,2069,5985
554,2014-06-04.csv,2069,2075,2050,2075,5664
555,2014-06-05.csv,2075,2074,2035,2052,4170
556,2014-06-08.csv,2052,2099,2050,2078,4816
557,2014-06-09.csv,2078,2115,2078,2110,6302
558,2014-06-10.csv,2110,2150,2115,2143,6260
559,2014-06-11.csv,2143,2190,2130,2160,7131
560,2014-06-12.csv,2160,2185,2127,2160,5552
561,2014-06-15.csv,2160,2376,2160,2330,9465
562,2014-06-16.csv,2330,2380,2312,2363,11146
563,2014-06-17.csv,2363,2413,2310,2360,6689
564,2014-06-17.csv,2363,2413,2310,2360,6689
565,2014-06-18.csv,2360,2370,2335,2335,2313
566,2014-06-19.csv,2335,2290,2265,2270,3475
567,2014-06-23.csv,2270,2235,2186,2198,7097
568,2014-06-24.csv,2198,2255,2117,2254,4796
569,2014-06-25.csv,2254,2309,2250,2290,2781
570,2014-06-26.csv,2290,2335,2301,2301,1527
571,2014-06-29.csv,2301,2340,2280,2325,4526
572,2014-06-30.csv,2325,2340,2300,2310,2748
573,2014-07-01.csv,2310,2355,2320,2335,3169
574,2014-07-02.csv,2335,2355,2300,2345,4313
575,2014-07-03.csv,2345,2400,2350,2360,3317
576,2014-07-06.csv,2360,2420,2360,2390,4442
577,2014-07-07.csv,2390,2450,2400,2425,3657
578,2014-07-08.csv,2425,2450,2400,2450,7731
579,2014-07-09.csv,2450,2460,2438,2438,1438
580,2014-07-10.csv,2438,2500,2430,2500,3612
581,2014-07-13.csv,2500,2661,2520,2554,4717
582,2014-07-14.csv,2554,2605,2530,2550,1345
583,2014-07-15.csv,2550,2540,2515,2538,2092
584,2014-07-16.csv,2538,2574,2515,2535,1482
585,2014-07-17.csv,2535,2555,2490,2528,4066
586,2014-07-20.csv,2528,2629,2550,2620,3391
587,2014-07-21.csv,2620,2635,2590,2610,6600
588,2014-07-22.csv,2610,2657,2559,2657,11797
589,2014-07-23.csv,2657,2680,2600,2680,2677
590,2014-07-24.csv,2680,2670,2610,2652,2761
591,2014-07-27.csv,2652,2620,2600,2600,856
592,2014-07-28.csv,2600,2610,2560,2610,281
593,2014-07-30.csv,2610,2610,2576,2580,1885
594,2014-07-31.csv,2580,2612,2565,2571,2070
595,2014-08-03.csv,2571,2600,2575,2583,2243
596,2014-08-04.csv,2583,2560,2470,2480,1906
597,2014-08-05.csv,2480,2550,2500,2500,4958
598,2014-08-06.csv,2500,2505,2480,2489,3605
599,2014-08-07.csv,2489,2500,2470,2472,2121
600,2014-08-12.csv,2472,2470,2415,2415,1179
601,2014-08-13.csv,2415,2505,2385,2450,3685
602,2014-08-14.csv,2450,2550,2425,2513,3681
603,2014-08-18.csv,2513,2555,2490,2505,7582
604,2014-08-19.csv,2505,2511,2475,2475,2987
605,2014-08-20.csv,2475,2480,2400,2418,5743
606,2014-08-21.csv,2418,2502,2270,2441,4752
607,2014-08-24.csv,2441,2520,2439,2470,2179
608,2014-08-25.csv,2470,2519,2280,2360,4877
609,2014-08-26.csv,2360,2407,2223,2223,7014
610,2014-08-27.csv,2223,2400,2267,2365,7514
611,2014-08-28.csv,2365,2530,2410,2412,7784
612,2014-08-31.csv,2412,2578,2460,2462,28055
613,2014-09-01.csv,2462,2460,2380,2402,8973
614,2014-09-03.csv,2402,2488,2400,2424,6112
615,2014-09-04.csv,2424,2410,2377,2397,4050
616,2014-09-07.csv,2397,2375,2230,2230,3957
617,2014-09-09.csv,2230,2387,2250,2365,2375
618,2014-09-10.csv,2365,2425,2320,2320,4288
619,2014-09-11.csv,2320,2320,2250,2260,2728
620,2014-09-14.csv,2260,2285,2220,2276,3404
621,2014-09-15.csv,2276,2346,2260,2300,2930
622,2014-09-16.csv,2300,2346,2285,2325,3472
623,2014-09-17.csv,2325,2350,2300,2300,3375
624,2014-09-18.csv,2300,2310,2230,2247,3648
625,2014-09-21.csv,2247,2215,2165,2190,2116
626,2014-09-22.csv,2190,2175,2140,2174,2830
627,2014-09-23.csv,2174,2270,2195,2213,2415
628,2014-09-24.csv,2213,2346,2250,2344,2407
629,2014-09-28.csv,2344,2375,2330,2345,2614
630,2014-09-29.csv,2345,2427,2360,2399,4217
631,2014-09-30.csv,2399,2407,2357,2395,2574
632,2014-10-08.csv,2395,2394,2370,2370,433
633,2014-10-09.csv,2370,2380,2340,2380,704
634,2014-10-12.csv,2380,2360,2320,2360,1152
635,2014-10-13.csv,2360,2315,2250,2272,2487
636,2014-10-14.csv,2272,2310,2280,2290,1237
637,2014-10-15.csv,2290,2340,2298,2340,845
638,2014-10-16.csv,2340,2375,2328,2340,1374
639,2014-10-19.csv,2340,2324,2295,2315,2320
640,2014-10-20.csv,2315,2320,2300,2320,1595
641,2014-10-21.csv,2320,2361,2310,2324,1935
642,2014-10-22.csv,2324,2366,2314,2350,1509
643,2014-10-26.csv,2350,2359,2350,2350,428
644,2014-10-27.csv,2350,2375,2349,2364,185
645,2014-10-28.csv,2364,2364,2340,2350,1392
646,2014-10-30.csv,2350,2376,2306,2325,2519
647,2014-11-02.csv,2325,2325,2280,2290,1073
648,2014-11-03.csv,2290,2255,2200,2200,3592
649,2014-11-04.csv,2200,2210,2160,2210,2684
650,2014-11-05.csv,2210,2218,2170,2206,6995
651,2014-11-06.csv,2206,2235,2191,2220,7739
652,2014-11-09.csv,2220,2252,2200,2217,11263
653,2014-11-10.csv,2217,2249,2180,2200,6328
654,2014-11-11.csv,2200,2200,2175,2200,6449
655,2014-11-12.csv,2200,2209,2170,2170,11776
656,2014-11-13.csv,1808,1830,1800,1800,99
657,2014-11-16.csv,1800,1765,1670,1709,2309
658,2014-11-17.csv,1709,1678,1611,1635,3945
659,2014-11-18.csv,1635,1667,1564,1667,2897
660,2014-11-19.csv,1667,1710,1634,1710,2153
661,2014-11-20.csv,1710,1765,1700,1739,2401
662,2014-11-23.csv,1739,1773,1695,1742,4018
663,2014-11-24.csv,1742,1724,1710,1715,2010
664,2014-11-25.csv,1715,1710,1666,1696,3089
665,2014-11-30.csv,1696,1700,1680,1680,2125
666,2014-12-01.csv,1680,1701,1670,1692,3262
667,2014-12-02.csv,1692,1680,1635,1680,3265
668,2014-12-03.csv,1680,1710,1665,1665,2392
669,2014-12-04.csv,1665,1720,1687,1714,3338
670,2014-12-07.csv,1714,1718,1700,1701,3015
671,2014-12-08.csv,1701,1707,1700,1707,1571
672,2014-12-09.csv,1707,1720,1700,1715,2452
673,2014-12-10.csv,1715,1745,1682,1720,1666
674,2014-12-11.csv,1720,1800,1686,1800,4183
675,2014-12-14.csv,1800,1947,1836,1945,864
676,2014-12-15.csv,1945,2000,1881,1950,3945
677,2014-12-16.csv,1950,1950,1915,1926,3779
678,2014-12-17.csv,1926,1915,1875,1875,2618
679,2014-12-18.csv,1875,1938,1885,1938,701
680,2014-12-22.csv,1938,1900,1825,1836,1715
681,2014-12-23.csv,1836,1810,1800,1800,1178
682,2014-12-24.csv,1800,1856,1800,1856,3276
683,2014-12-28.csv,1856,1892,1858,1870,2045
684,2014-12-28.csv,1856,1892,1858,1870,2045
685,2014-12-29.csv,1870,1890,1835,1873,1493
686,2014-12-31.csv,1873,1855,1820,1820,2162
687,2015-01-01.csv,1820,1875,1835,1875,2383
688,2015-01-04.csv,1875,1889,1866,1880,1918
689,2015-01-05.csv,1880,1901,1855,1886,2264
690,2015-01-06.csv,1886,1862,1852,1852,421
691,2015-01-07.csv,1852,1898,1870,1885,1365
692,2015-01-08.csv,1885,1901,1880,1890,1201
693,2015-01-11.csv,1890,1881,1855,1855,1113
694,2015-01-12.csv,1855,1859,1840,1855,490
695,2015-01-13.csv,1855,1890,1825,1890,1921
696,2015-01-14.csv,1890,1890,1866,1869,643
697,2015-01-18.csv,1869,1894,1866,1894,1573
698,2015-01-19.csv,1894,2038,1857,1982,22822
699,2015-01-20.csv,1982,1950,1932,1950,2981
700,2015-01-22.csv,1950,1940,1853,1940,2851
701,2015-01-25.csv,1940,1960,1876,1950,2272
702,2015-01-26.csv,1950,1986,1950,1950,3083
703,2015-01-27.csv,1950,1974,1950,1974,1708
704,2015-01-28.csv,1974,2020,1974,2020,4973
705,2015-01-29.csv,2020,2030,1990,2012,2342
706,2015-02-01.csv,2012,2060,1912,2051,2215
707,2015-02-02.csv,2051,2062,2033,2050,5873
708,2015-02-03.csv,2050,2055,2006,2021,4156
709,2015-02-04.csv,2021,2025,2001,2010,4416
710,2015-02-05.csv,2010,2020,1995,2012,3419
711,2015-02-08.csv,2012,2017,2000,2010,1634
712,2015-02-09.csv,2010,2010,1980,1990,2813
713,2015-02-10.csv,1990,1998,1990,1998,1360
714,2015-02-11.csv,1998,2000,1998,1998,418
715,2015-02-12.csv,1998,2005,1985,2005,2850
716,2015-02-15.csv,2005,2004,1996,2000,2124
717,2015-02-16.csv,2000,2000,1985,1995,1483
718,2015-02-16.csv,2000,2000,1985,1995,1483
719,2015-02-18.csv,1995,1985,1975,1985,1539
720,2015-02-22.csv,1985,1960,1930,1947,2341
721,2015-02-23.csv,1947,1940,1905,1939,3583
722,2015-02-24.csv,1939,1950,1915,1950,499
723,2015-02-25.csv,1950,1952,1940,1952,1894
724,2015-02-26.csv,1952,1960,1921,1926,470
725,2015-03-01.csv,1926,1940,1903,1930,1809
726,2015-03-02.csv,1930,1930,1920,1925,6343
727,2015-03-03.csv,1925,1930,1920,1930,316
728,2015-03-04.csv,1930,1961,1935,1940,1399
729,2015-03-09.csv,1940,1975,1949,1961,2158
730,2015-03-10.csv,1961,1972,1940,1942,1395
731,2015-03-11.csv,1942,1960,1940,1960,855
732,2015-03-12.csv,1960,1945,1930,1945,504
733,2015-03-15.csv,1945,1930,1916,1925,851
734,2015-03-16.csv,1925,1920,1910,1911,681
735,2015-03-17.csv,1911,1920,1905,1906,1912
736,2015-03-18.csv,1906,1917,1880,1901,1952
737,2015-03-19.csv,1901,1925,1900,1925,803
738,2015-03-22.csv,1925,1920,1900,1909,2388
739,2015-03-23.csv,1909,1904,1888,1900,1911
740,2015-03-24.csv,1900,1900,1880,1900,919
741,2015-03-25.csv,1900,1901,1865,1887,1876
742,2015-03-26.csv,1887,1887,1860,1870,1816
743,2015-03-29.csv,1870,1880,1840,1880,794
744,2015-03-30.csv,1880,1882,1879,1881,1513
745,2015-03-31.csv,1881,1890,1875,1875,808
746,2015-04-01.csv,1875,1875,1860,1875,232
747,2015-04-02.csv,1875,1889,1855,1889,1601
748,2015-04-05.csv,1889,1870,1850,1865,1849
749,2015-04-06.csv,1865,1880,1830,1880,719
750,2015-04-07.csv,1880,1870,1870,1870,134
751,2015-04-08.csv,1870,1895,1865,1895,649
752,2015-04-09.csv,1895,1930,1900,1905,633
753,2015-04-12.csv,1905,1960,1900,1940,1785
754,2015-04-13.csv,1940,1930,1895,1920,1721
755,2015-04-15.csv,1920,1930,1895,1895,738
756,2015-04-16.csv,1895,1950,1885,1950,1399
757,2015-04-19.csv,1950,1930,1895,1925,1956
758,2015-04-20.csv,1925,1940,1900,1940,1739
759,2015-04-21.csv,1940,1930,1900,1930,6138
760,2015-04-22.csv,1930,1916,1880,1900,2300
761,2015-04-23.csv,1900,1905,1870,1902,2509
762,2015-05-25.csv,1902,1864,1712,1712,731
763,2015-05-26.csv,1712,1695,1603,1650,7687
764,2015-05-27.csv,1650,1640,1585,1615,2258
765,2015-05-28.csv,1615,1632,1575,1602,4064
766,2015-05-31.csv,1602,1723,1634,1723,2975
767,2015-06-01.csv,1723,1841,1750,1819,2683
768,2015-06-02.csv,1819,1850,1810,1850,1778
769,2015-06-03.csv,1850,1908,1860,1908,1392
770,2015-06-04.csv,1908,1930,1880,1900,2197
771,2015-06-07.csv,1900,1911,1900,1910,1707
772,2015-06-08.csv,1910,1940,1915,1935,478
773,2015-06-08.csv,1910,1940,1915,1935,478
774,2015-06-08.csv,1910,1940,1915,1935,478
775,2015-06-09.csv,1935,2010,1963,2010,2923
776,2015-06-10.csv,2010,2002,1980,1982,3961
777,2015-06-11.csv,1982,1970,1940,1940,661
778,2015-06-14.csv,1940,1965,1921,1925,1089
779,2015-06-16.csv,1925,1930,1900,1900,600
780,2015-06-17.csv,1900,1900,1881,1881,2620
781,2015-06-18.csv,1881,1880,1880,1880,332
782,2015-06-21.csv,1880,1875,1860,1875,436
783,2015-06-22.csv,1875,1885,1860,1875,3016
784,2015-06-23.csv,1875,1880,1851,1880,2293
785,2015-06-24.csv,1880,1885,1880,1881,1352
786,2015-06-25.csv,1881,1885,1850,1885,3274
787,2015-06-28.csv,1885,1901,1886,1900,911
788,2015-06-29.csv,1900,1920,1890,1905,3878
789,2015-06-30.csv,1905,1930,1892,1909,2117
790,2015-07-01.csv,1909,1925,1896,1909,2457
791,2015-07-02.csv,1909,1910,1900,1909,2986
792,2015-07-05.csv,1909,1920,1901,1919,2251
793,2015-07-06.csv,1919,1923,1900,1923,902
794,2015-07-07.csv,1923,1930,1902,1911,3906
795,2015-07-08.csv,1911,1916,1905,1910,1567
796,2015-07-09.csv,1910,1922,1900,1920,1628
797,2015-07-12.csv,1920,1935,1900,1935,2796
798,2015-07-13.csv,1935,1932,1907,1924,1398
799,2015-07-14.csv,1924,1925,1910,1920,439
800,2015-07-15.csv,1920,1930,1916,1930,1266
801,2015-07-16.csv,1930,1930,1901,1910,2248
802,2015-07-22.csv,1910,1925,1900,1900,3604
803,2015-07-23.csv,1900,2010,1900,2010,6999
804,2015-07-26.csv,2010,2091,2050,2091,2070
805,2015-07-27.csv,2091,2300,2132,2300,46545
806,2015-07-28.csv,2300,2305,2200,2250,15694
807,2015-07-29.csv,2250,2250,2225,2240,7549
808,2015-07-30.csv,2240,2346,2240,2300,5450
809,2015-08-02.csv,2300,2346,2300,2310,6054
810,2015-08-03.csv,2310,2310,2298,2309,6203
811,2015-08-04.csv,2309,2310,2271,2289,6686
812,2015-08-05.csv,2289,2290,2279,2280,6523
813,2015-08-06.csv,2280,2340,2290,2300,9493
814,2015-08-09.csv,2300,2398,2320,2398,7017
815,2015-08-10.csv,2398,2493,2420,2490,7210
816,2015-08-11.csv,2490,2500,2450,2470,5823
817,2015-08-12.csv,2470,2480,2430,2471,4389
818,2015-08-13.csv,2471,2500,2440,2500,7919
819,2015-08-16.csv,2500,2650,2519,2595,8792
820,2015-08-17.csv,2595,2750,2623,2690,14195
821,2015-08-18.csv,2690,2784,2637,2700,14079
822,2015-08-18.csv,2690,2784,2637,2700,14079
823,2015-08-19.csv,2700,2709,2660,2690,7336
824,2015-08-20.csv,2690,2794,2690,2695,8915
825,2015-08-23.csv,2695,2719,2630,2670,7495
826,2015-08-24.csv,2670,2680,2600,2610,7472
827,2015-08-25.csv,2610,2600,2566,2579,2958
828,2015-08-26.csv,2579,2585,2555,2556,1184
829,2015-08-27.csv,2556,2615,2570,2580,5228
830,2015-08-31.csv,2580,2600,2580,2599,5198
831,2015-09-01.csv,2599,2606,2570,2579,4880
832,2015-09-02.csv,2579,2550,2456,2480,5980
833,2015-09-03.csv,2480,2505,2454,2465,7315
834,2015-09-06.csv,2465,2475,2400,2450,7695
835,2015-09-07.csv,2450,2510,2480,2499,6420
836,2015-09-08.csv,2499,2548,2527,2531,5434
837,2015-09-09.csv,2531,2550,2511,2511,2291
838,2015-09-10.csv,2511,2515,2496,2500,3357
839,2015-09-13.csv,2500,2530,2500,2505,3986
840,2015-09-14.csv,2505,2630,2555,2578,5240
841,2015-09-15.csv,2578,2674,2616,2674,7770
842,2015-09-16.csv,2674,2720,2665,2675,8423
843,2015-09-17.csv,2675,2725,2640,2640,7164
844,2015-09-22.csv,2640,2601,2490,2510,6135
845,2015-09-23.csv,2510,2710,2560,2600,4063
846,2015-09-24.csv,2600,2610,2550,2575,2943
847,2015-09-28.csv,2575,2524,2425,2491,7147
848,2015-09-29.csv,2491,2550,2530,2540,1860
849,2015-09-30.csv,2540,2580,2550,2560,3841
850,2015-10-01.csv,2560,2579,2550,2550,4485
851,2015-10-04.csv,2550,2600,2570,2570,3832
852,2015-10-05.csv,2570,2519,2400,2440,8896
853,2015-10-06.csv,2440,2415,2392,2395,5150
854,2015-10-07.csv,2395,2390,2315,2350,4895
855,2015-10-08.csv,2350,2440,2300,2440,8804
856,2015-10-11.csv,2440,2480,2375,2375,5062
857,2015-10-14.csv,2375,2398,2350,2375,1262
858,2015-10-15.csv,2375,2360,2355,2360,645
859,2015-10-18.csv,2360,2358,2350,2358,635
860,2015-10-19.csv,2358,2430,2345,2400,1322
861,2015-10-25.csv,2400,2356,2356,2356,200
862,2015-10-27.csv,2356,2340,2280,2280,2207
863,2015-10-28.csv,2280,2270,2190,2240,4705
864,2015-10-29.csv,2240,2290,2242,2279,3741
865,2015-11-01.csv,2279,2300,2250,2275,3800
866,2015-11-02.csv,2275,2330,2290,2310,2382
867,2015-11-03.csv,2310,2289,2266,2270,1031
868,2015-11-04.csv,2270,2280,2270,2280,1000
869,2015-11-05.csv,2280,2260,2250,2250,1347
870,2015-11-08.csv,2250,2251,2225,2249,1418
871,2015-11-09.csv,2249,2320,2270,2280,2009
872,2015-11-10.csv,2280,2320,2300,2310,850
873,2015-11-15.csv,2310,2305,2275,2305,911
874,2015-11-16.csv,2305,2290,2275,2288,628
875,2015-11-18.csv,2288,2315,2300,2309,1524
876,2015-11-19.csv,2309,2300,2288,2288,1574
877,2015-11-22.csv,2288,2255,2200,2205,2830
878,2015-11-23.csv,2205,2210,2100,2210,1707
879,2015-11-24.csv,2210,2210,2170,2180,3418
880,2015-11-25.csv,2180,2160,2125,2130,1678
881,2015-11-26.csv,2130,2130,2060,2100,4339
882,2015-11-29.csv,2100,2100,2000,2020,7340
883,2015-11-30.csv,2020,2090,2046,2090,3522
884,2015-12-01.csv,2090,2220,2131,2200,2984
885,2015-12-02.csv,2200,2250,2181,2248,6332
886,2015-12-03.csv,2248,2300,2205,2300,9386
887,2015-12-06.csv,1769,1840,1799,1819,2215
888,2015-12-07.csv,1819,1950,1850,1895,3087
889,2015-12-08.csv,1895,1900,1858,1900,670
890,2015-12-09.csv,1900,1940,1910,1940,2083
891,2015-12-10.csv,1940,1940,1900,1900,1769
892,2015-12-13.csv,1900,1903,1881,1903,1240
893,2015-12-14.csv,1903,1890,1880,1890,1024
894,2015-12-15.csv,1890,1890,1860,1860,1870
895,2015-12-16.csv,1860,1865,1850,1854,1084
896,2015-12-17.csv,1854,1860,1810,1842,17060
897,2015-12-20.csv,1842,1844,1815,1830,2620
898,2015-12-21.csv,1830,1825,1800,1800,3696
899,2015-12-22.csv,1800,1841,1800,1840,11125
900,2015-12-23.csv,1840,1840,1800,1821,4272
901,2015-12-24.csv,1821,1830,1810,1815,10147
902,2015-12-27.csv,1815,1820,1800,1800,6169
903,2015-12-28.csv,1800,1820,1800,1820,3102
904,2015-12-29.csv,1820,1854,1820,1853,2077
905,2015-12-31.csv,1853,1870,1855,1860,1657
906,2016-01-03.csv,1860,1860,1825,1840,2053
907,2016-01-04.csv,1840,1850,1800,1800,2496
908,2016-01-05.csv,1800,1829,1798,1800,4394
909,2016-01-06.csv,1800,1808,1795,1795,2708
910,2016-01-07.csv,1795,1815,1800,1815,2329
911,2016-01-10.csv,1815,1825,1810,1820,1164
912,2016-01-11.csv,1820,1835,1820,1826,3689
913,2016-01-12.csv,1826,1830,1820,1830,1925
914,2016-01-12.csv,1826,1830,1820,1830,1925
915,2016-01-13.csv,1830,1830,1814,1814,3603
916,2016-01-14.csv,1814,1860,1820,1850,5613
917,2016-01-17.csv,1850,1899,1870,1890,4290
918,2016-01-18.csv,1890,1965,1920,1920,9726
919,2016-01-19.csv,1920,1930,1880,1920,1608
920,2016-01-20.csv,1920,1935,1915,1921,3643
921,2016-01-21.csv,1921,1920,1905,1905,2078
922,2016-01-24.csv,1905,1910,1882,1895,2193
923,2016-01-25.csv,1895,1920,1900,1920,4535
924,2016-01-26.csv,1920,1904,1888,1898,3551
925,2016-01-27.csv,1898,1900,1884,1885,2929
926,2016-01-28.csv,1885,1899,1880,1890,2050
927,2016-01-31.csv,1890,1900,1880,1890,3302
928,2016-02-01.csv,1890,1923,1892,1905,3476
929,2016-02-02.csv,1905,1929,1890,1900,3778
930,2016-02-03.csv,1900,1905,1894,1900,2036
931,2016-02-04.csv,1900,1935,1905,1917,4192
932,2016-02-07.csv,1917,1970,1930,1935,4515
933,2016-02-08.csv,1935,1935,1915,1919,3886
934,2016-02-11.csv,1919,1930,1900,1912,3387
935,2016-02-14.csv,1912,1901,1890,1900,4307
936,2016-02-15.csv,1900,1900,1875,1900,2053
937,2016-02-16.csv,1900,1890,1880,1880,1449
938,2016-02-17.csv,1880,1886,1878,1886,5273
939,2016-02-18.csv,1886,1898,1887,1893,3228
940,2016-02-21.csv,1893,1925,1893,1907,4217
941,2016-02-22.csv,1907,1976,1900,1955,4212
942,2016-02-23.csv,1955,1985,1940,1950,5681
943,2016-02-24.csv,1950,1960,1915,1915,4195
944,2016-02-25.csv,1915,1925,1877,1921,4285
945,2016-02-28.csv,1921,1929,1920,1920,2725
946,2016-02-29.csv,1920,1920,1900,1906,5612
947,2016-03-01.csv,1906,1915,1900,1900,4458
948,2016-03-02.csv,1900,1907,1900,1900,7900
949,2016-03-03.csv,1900,1907,1891,1900,5331
950,2016-03-06.csv,1900,1932,1909,1909,6376
951,2016-03-10.csv,1909,1925,1890,1900,5309
952,2016-03-13.csv,1900,1905,1895,1904,6881
953,2016-03-14.csv,1904,1910,1895,1895,2691
954,2016-03-15.csv,1895,1900,1880,1890,2344
955,2016-03-16.csv,1890,1905,1885,1895,4862
956,2016-03-17.csv,1895,1909,1887,1900,4783
957,2016-03-20.csv,1900,1919,1900,1910,6955
958,2016-03-21.csv,1910,1938,1910,1919,5128
959,2016-03-23.csv,1919,1930,1918,1925,9561
960,2016-03-24.csv,1925,1986,1930,1985,19150
961,2016-03-27.csv,1985,2115,1990,2111,24872
962,2016-03-28.csv,2111,2200,2111,2120,21421
963,2016-03-29.csv,2120,2120,2069,2099,12316
964,2016-03-30.csv,2099,2110,2089,2090,9623
965,2016-03-31.csv,2090,2099,2050,2060,6321
966,2016-04-03.csv,2060,2065,2008,2044,16615
967,2016-04-04.csv,2044,2075,2044,2065,6426
968,2016-04-05.csv,2065,2110,2080,2091,9382
969,2016-04-06.csv,2091,2105,2082,2092,6587
970,2016-04-10.csv,2092,2099,2080,2090,6121
971,2016-04-11.csv,2090,2100,2075,2100,5118
972,2016-04-12.csv,2100,2115,2095,2110,12264
973,2016-04-14.csv,2110,2121,2110,2120,16535
974,2016-04-17.csv,2120,2133,2115,2119,16462
975,2016-04-18.csv,2119,2174,2120,2170,19064
976,2016-04-19.csv,2170,2234,2196,2200,20539
977,2016-04-20.csv,2200,2280,2240,2260,12612
978,2016-04-21.csv,2260,2261,2220,2241,10389
979,2016-04-24.csv,2241,2261,2235,2251,23129
980,2016-04-25.csv,2251,2260,2231,2260,12157
981,2016-04-26.csv,2260,2258,2230,2235,6028
982,2016-04-27.csv,2235,2234,2205,2232,5481
983,2016-04-28.csv,2232,2260,2236,2237,6911
984,2016-05-02.csv,2237,2303,2250,2302,13851
985,2016-05-03.csv,2302,2320,2281,2281,7205
986,2016-05-04.csv,2281,2270,2251,2260,7234
987,2016-05-05.csv,2260,2244,2200,2232,11076
988,2016-05-08.csv,2232,2295,2260,2270,17095
989,2016-05-09.csv,2270,2290,2265,2280,11426
990,2016-05-10.csv,2280,2284,2262,2269,5672
991,2016-05-11.csv,2269,2269,2241,2269,6580
992,2016-05-12.csv,2269,2265,2242,2250,4234
993,2016-05-15.csv,2250,2260,2237,2237,6561
994,2016-05-16.csv,2237,2248,2226,2227,4570
995,2016-05-17.csv,2227,2270,2195,2270,6183
996,2016-05-18.csv,2270,2270,2260,2270,7071
997,2016-05-19.csv,2270,2294,2260,2281,12779
998,2016-05-22.csv,2281,2290,2270,2273,8195
999,2016-05-23.csv,2273,2286,2275,2275,17102
1000,2016-05-24.csv,2275,2315,2255,2310,22878
1001,2016-05-25.csv,2310,2340,2255,2280,17473
1002,2016-05-26.csv,2280,2295,2230,2271,21199
1003,2016-05-29.csv,2271,2275,2251,2268,8274
1004,2016-05-30.csv,2268,2260,2233,2241,5929
1005,2016-05-31.csv,2241,2260,2211,2220,14443
1006,2016-06-01.csv,2220,2230,2200,2220,13154
1007,2016-06-02.csv,2220,2220,2190,2208,7999
1008,2016-06-05.csv,2208,2205,2150,2150,9695
1009,2016-06-06.csv,2150,2200,2170,2195,5723
1010,2016-06-07.csv,2195,2240,2200,2235,2553
1011,2016-06-08.csv,2235,2241,2225,2241,3432
1012,2016-06-09.csv,2241,2241,2229,2239,6121
1013,2016-06-12.csv,2239,2360,2200,2341,10137
1014,2016-06-13.csv,2341,2433,2281,2310,11973
1015,2016-06-14.csv,2310,2330,2280,2280,13714
1016,2016-06-15.csv,2280,2310,2280,2289,4013
1017,2016-06-16.csv,2289,2298,2280,2295,6768
1018,2016-06-19.csv,2295,2299,2260,2275,2634
1019,2016-06-20.csv,2275,2300,2275,2276,5110
1020,2016-06-21.csv,2276,2295,2275,2286,7090
1021,2016-06-22.csv,2286,2330,2290,2308,8859
1022,2016-06-23.csv,2308,2380,2285,2340,15451
1023,2016-06-26.csv,2340,2412,2350,2400,17602
1024,2016-06-27.csv,2400,2460,2400,2450,26477
1025,2016-06-28.csv,2450,2509,2450,2471,17785
1026,2016-06-29.csv,2471,2490,2450,2450,5774
1027,2016-06-30.csv,2450,2432,2382,2410,7877
1028,2016-07-03.csv,2410,2404,2389,2400,7898
1029,2016-07-04.csv,2400,2400,2380,2395,5504
1030,2016-07-05.csv,2395,2400,2371,2380,9924
1031,2016-07-06.csv,2380,2399,2370,2375,7384
1032,2016-07-10.csv,2375,2408,2382,2395,12007
1033,2016-07-11.csv,2395,2400,2360,2380,4852
1034,2016-07-12.csv,2380,2382,2250,2363,11880
1035,2016-07-13.csv,2363,2340,2281,2330,6603
1036,2016-07-14.csv,2330,2397,2325,2344,8541
1037,2016-07-17.csv,2344,2395,2345,2370,7199
1038,2016-07-18.csv,2370,2417,2370,2389,12061
1039,2016-07-19.csv,2389,2450,2390,2415,16715
1040,2016-07-20.csv,2415,2463,2411,2420,14158
1041,2016-07-21.csv,2420,2445,2400,2425,8852
1042,2016-07-25.csv,2425,2480,2435,2460,10227
1043,2016-07-26.csv,2460,2500,2445,2450,15494
1044,2016-07-27.csv,2450,2480,2450,2466,13182
1045,2016-07-28.csv,2466,2500,2435,2465,16728
1046,2016-07-31.csv,2465,2495,2368,2463,9411
1047,2016-08-01.csv,2463,2470,2420,2451,4693
1048,2016-08-02.csv,2451,2440,2400,2440,2757
1049,2016-08-03.csv,2440,2412,2376,2385,5966
1050,2016-08-04.csv,2385,2385,2320,2342,7256
1051,2016-08-07.csv,2342,2399,2340,2345,6957
1052,2016-08-08.csv,2345,2316,2240,2240,5806
1053,2016-08-09.csv,2240,2329,2284,2329,100
1054,2016-08-10.csv,2329,2420,2290,2350,10963
1055,2016-08-11.csv,2350,2397,2340,2360,6065
1056,2016-08-14.csv,2360,2400,2321,2340,9548
1057,2016-08-15.csv,2340,2300,2205,2260,6011
1058,2016-08-16.csv,2260,2290,2215,2285,5042
1059,2016-08-17.csv,2285,2305,2275,2290,5701
1060,2016-08-21.csv,2290,2310,2280,2290,4223
1061,2016-08-22.csv,2290,2300,2265,2277,5345
1062,2016-08-23.csv,2277,2290,2270,2289,4326
1063,2016-08-24.csv,2289,2305,2280,2300,5288
1064,2016-08-28.csv,2300,2340,2274,2325,7682
1065,2016-08-29.csv,2325,2380,2320,2320,10886
1066,2016-08-30.csv,2320,2380,2350,2368,3240
1067,2016-08-31.csv,2368,2364,2340,2360,4905
1068,2016-09-01.csv,2360,2377,2350,2365,5878
1069,2016-09-03.csv,2365,2420,2372,2408,4415
1070,2016-09-04.csv,2365,2420,2372,2408,4415
1071,2016-09-05.csv,2408,2479,2450,2472,9127
1072,2016-09-06.csv,2472,2495,2395,2450,9151
1073,2016-09-07.csv,2450,2548,2450,2468,54493
1074,2016-09-08.csv,2468,2469,2430,2438,15550
1075,2016-09-11.csv,2438,2440,2400,2410,7702
1076,2016-09-12.csv,2410,2405,2375,2390,10027
1077,2016-09-14.csv,2390,2450,2400,2411,25405
1078,2016-09-18.csv,2411,2430,2360,2369,24822
1079,2016-09-20.csv,2369,2390,2340,2350,75157
1080,2016-09-22.csv,1808,1800,1750,1765,16998
1081,2016-09-25.csv,1765,1760,1700,1700,14267
1082,2016-09-26.csv,1700,1781,1685,1781,6711
1083,2016-09-27.csv,1781,1785,1760,1768,6462
1084,2016-09-28.csv,1768,1770,1757,1764,2686
1085,2016-09-29.csv,1764,1798,1760,1792,7195
1086,2016-10-02.csv,1792,1800,1780,1780,9133
1087,2016-10-03.csv,1780,1800,1782,1788,3604
1088,2016-10-04.csv,1788,1809,1795,1800,10545
1089,2016-10-05.csv,1800,1810,1780,1790,4046
1090,2016-10-06.csv,1790,1800,1780,1780,6546
1091,2016-10-16.csv,1780,1800,1760,1770,2605
1092,2016-10-17.csv,1770,1780,1743,1774,4532
1093,2016-10-18.csv,1774,1800,1746,1789,4476
1094,2016-10-19.csv,1789,1795,1781,1790,3025
1095,2016-10-20.csv,1790,1790,1775,1785,4051
1096,2016-10-23.csv,1785,1785,1762,1765,8690
1097,2016-10-24.csv,1765,1770,1740,1740,10127
1098,2016-10-25.csv,1740,1741,1702,1729,2830
1099,2016-10-26.csv,1729,1744,1705,1740,6550
1100,2016-10-27.csv,1740,1755,1730,1755,3259
1101,2016-11-03.csv,1755,1795,1760,1760,5932
1102,2016-11-07.csv,1760,1760,1735,1739,4023
1103,2016-11-08.csv,1739,1758,1712,1725,3671
1104,2016-11-09.csv,1725,1716,1675,1708,5692
1105,2016-11-10.csv,1708,1710,1697,1700,8482
1106,2016-11-13.csv,1700,1720,1690,1703,9265
1107,2016-11-14.csv,1703,1730,1703,1722,4633
1108,2016-11-15.csv,1722,1725,1710,1716,4705
1109,2016-11-16.csv,1716,1721,1695,1695,6094
1110,2016-11-17.csv,1695,1705,1660,1670,8823
1111,2016-11-20.csv,1670,1650,1596,1630,8592
1112,2016-11-21.csv,1630,1680,1605,1635,5441
1113,2016-11-22.csv,1635,1655,1605,1630,7277
1114,2016-11-23.csv,1630,1626,1596,1600,8590
1115,2016-11-24.csv,1600,1610,1589,1595,6007
1116,2016-11-27.csv,1595,1588,1540,1555,4670
1117,2016-11-28.csv,1555,1640,1450,1640,10412
1118,2016-11-29.csv,1640,1655,1600,1655,7847
1119,2016-11-30.csv,1655,1700,1640,1691,7451
1120,2016-12-01.csv,1691,1734,1652,1674,7265
1121,2016-12-04.csv,1674,1670,1600,1670,4200
1122,2016-12-05.csv,1670,1690,1610,1640,2489
1123,2016-12-06.csv,1640,1650,1618,1638,2942
1124,2016-12-07.csv,1638,1640,1625,1635,944
1125,2016-12-08.csv,1635,1635,1616,1630,2418
1126,2016-12-11.csv,1630,1615,1600,1600,2229
1127,2016-12-12.csv,1600,1605,1590,1590,3275
1128,2016-12-14.csv,1590,1605,1575,1580,3618
1129,2016-12-15.csv,1580,1596,1565,1580,3144
1130,2016-12-18.csv,1580,1590,1565,1575,2536
1131,2016-12-19.csv,1575,1581,1571,1580,6814
1132,2016-12-20.csv,1580,1581,1565,1570,4956
1133,2016-12-21.csv,1570,1561,1530,1533,2243
1134,2016-12-22.csv,1533,1540,1524,1530,4389
1135,2016-12-26.csv,1530,1518,1500,1508,5860
1136,2016-12-27.csv,1508,1500,1421,1479,3491
1137,2016-12-28.csv,1479,1485,1450,1475,6181
1138,2016-12-29.csv,1475,1519,1481,1519,3186
1139,2017-01-01.csv,1519,1548,1525,1530,3097
1140,2017-01-02.csv,1530,1550,1525,1544,10617
1141,2017-01-03.csv,1544,1550,1525,1525,5907
1142,2017-01-04.csv,1525,1529,1515,1515,1430
1143,2017-01-05.csv,1515,1520,1500,1505,4175
1144,2017-01-08.csv,1505,1510,1495,1510,2781
1145,2017-01-09.csv,1510,1529,1510,1519,1389
1146,2017-01-10.csv,1519,1551,1525,1538,3248
1147,2017-01-11.csv,1538,1565,1540,1565,4054
1148,2017-01-12.csv,1565,1565,1546,1560,1982
1149,2017-01-15.csv,1560,1550,1530,1540,2316
1150,2017-01-16.csv,1540,1540,1505,1508,5298
1151,2017-01-17.csv,1508,1525,1500,1505,3743
1152,2017-01-18.csv,1505,1512,1490,1504,5013
1153,2017-01-19.csv,1504,1515,1500,1500,3585
1154,2017-01-22.csv,1500,1515,1500,1506,2713
1155,2017-01-23.csv,1506,1516,1500,1500,2874
1156,2017-01-24.csv,1500,1500,1481,1487,2963
1157,2017-01-25.csv,1487,1459,1426,1441,7828
1158,2017-01-26.csv,1441,1445,1400,1432,4524
1159,2017-01-30.csv,1432,1425,1350,1365,6198
1160,2017-01-31.csv,1365,1390,1304,1390,7174
1161,2017-02-01.csv,1390,1450,1400,1442,5711
1162,2017-02-02.csv,1442,1485,1440,1455,5462
1163,2017-02-05.csv,1455,1480,1412,1455,4887
1164,2017-02-06.csv,1455,1455,1420,1420,3203
1165,2017-02-07.csv,1420,1422,1400,1405,7394
1166,2017-02-08.csv,1405,1420,1382,1395,6077
1167,2017-02-09.csv,1395,1391,1370,1370,4797
1168,2017-02-12.csv,1370,1343,1295,1305,11250
1169,2017-02-13.csv,1305,1380,1275,1370,10589
1170,2017-02-14.csv,1370,1375,1346,1360,8847
1171,2017-02-15.csv,1360,1412,1370,1412,6199
1172,2017-02-16.csv,1412,1458,1415,1456,7547
1173,2017-02-19.csv,1456,1500,1427,1496,7010
1174,2017-02-20.csv,1496,1549,1510,1520,7377
1175,2017-02-21.csv,1520,1550,1495,1515,7723
1176,2017-02-22.csv,1515,1505,1475,1485,1883
1177,2017-02-23.csv,1485,1485,1465,1471,2710
1178,2017-02-26.csv,1471,1470,1405,1405,4770
1179,2017-02-28.csv,1405,1400,1377,1395,4357
1180,2017-03-01.csv,1395,1407,1388,1400,8356
1181,2017-03-02.csv,1400,1421,1401,1420,3487
1182,2017-03-05.csv,1420,1461,1395,1450,5909
1183,2017-03-06.csv,1450,1470,1451,1469,3287
1184,2017-03-07.csv,1469,1450,1424,1435,4045
1185,2017-03-09.csv,1435,1463,1436,1436,3014
1186,2017-03-13.csv,1436,1460,1435,1455,2366
1187,2017-03-14.csv,1455,1465,1440,1449,1385
1188,2017-03-15.csv,1449,1449,1421,1440,1235
1189,2017-03-16.csv,1440,1449,1431,1440,3233
1190,2017-03-19.csv,1440,1446,1430,1440,4640
1191,2017-03-20.csv,1440,1465,1440,1460,10234
1192,2017-03-21.csv,1460,1475,1450,1475,7625
1193,2017-03-22.csv,1475,1538,1480,1481,12277
1194,2017-03-23.csv,1481,1499,1465,1470,8543
1195,2017-03-26.csv,1470,1529,1480,1500,14931
1196,2017-03-28.csv,1500,1581,1529,1575,9939
1197,2017-03-29.csv,1575,1606,1550,1570,18088
1198,2017-03-30.csv,1570,1570,1541,1550,9746
1199,2017-04-02.csv,1550,1591,1560,1579,8810
1200,2017-04-03.csv,1579,1716,1550,1577,15195
1201,2017-04-04.csv,1577,1594,1550,1580,8995
1202,2017-04-06.csv,1580,1580,1556,1570,5503
1203,2017-04-09.csv,1570,1585,1539,1568,4935
1204,2017-04-10.csv,1568,1575,1550,1575,8280
1205,2017-04-11.csv,1575,1628,1592,1600,9167
1206,2017-04-12.csv,1600,1635,1592,1615,8132
1207,2017-04-13.csv,1615,1600,1565,1590,4916
1208,2017-04-16.csv,1590,1590,1540,1556,2911
1209,2017-04-18.csv,1556,1556,1515,1515,2972
1210,2017-04-19.csv,1515,1545,1500,1540,3753
1211,2017-04-20.csv,1540,1570,1540,1551,4148
1212,2017-04-23.csv,1551,1650,1580,1599,7475
1213,2017-04-24.csv,1599,1600,1575,1599,4041
1214,2017-04-25.csv,1599,1596,1570,1590,3009
1215,2017-04-26.csv,1590,1579,1565,1574,2038
1216,2017-04-27.csv,1574,1581,1557,1580,3571
1217,2017-04-30.csv,1580,1580,1545,1545,6533
1218,2017-05-02.csv,1545,1545,1535,1535,2341
1219,2017-05-03.csv,1535,1596,1560,1569,3461
1220,2017-05-04.csv,1569,1570,1552,1560,2743
1221,2017-05-07.csv,1560,1560,1525,1535,3218
1222,2017-05-08.csv,1535,1564,1520,1540,2702
1223,2017-05-09.csv,1540,1580,1550,1560,2023
1224,2017-05-11.csv,1560,1570,1560,1560,2672
1225,2017-05-15.csv,1560,1577,1560,1560,3167
1226,2017-05-16.csv,1560,1560,1536,1558,1888
1227,2017-05-17.csv,1558,1560,1550,1560,2503
1228,2017-05-18.csv,1560,1565,1540,1554,5123
1229,2017-05-21.csv,1554,1560,1535,1550,1204
1230,2017-05-22.csv,1550,1559,1535,1535,1271
1231,2017-05-23.csv,1535,1560,1540,1550,3558
1232,2017-05-24.csv,1550,1557,1541,1557,3326
1233,2017-05-28.csv,1557,1553,1535,1538,4688
1234,2017-05-30.csv,1538,1545,1499,1499,4117
1235,2017-05-31.csv,1499,1515,1490,1500,5049
1236,2017-06-01.csv,1500,1525,1495,1500,8966
1237,2017-06-04.csv,1500,1501,1470,1480,8738
1238,2017-06-05.csv,1480,1509,1480,1500,3695
1239,2017-06-06.csv,1500,1530,1500,1519,8003
1240,2017-06-07.csv,1519,1540,1514,1515,10804
1241,2017-06-08.csv,1515,1515,1500,1512,3132
1242,2017-06-11.csv,1512,1512,1470,1472,6190
1243,2017-06-12.csv,1472,1479,1451,1460,9507
1244,2017-06-13.csv,1460,1479,1455,1460,5712
1245,2017-06-14.csv,1460,1460,1450,1452,10596
1246,2017-06-15.csv,1452,1504,1458,1480,4356
1247,2017-06-18.csv,1480,1480,1453,1459,3120
1248,2017-06-19.csv,1459,1460,1445,1450,6395
1249,2017-06-20.csv,1450,1455,1436,1442,4585
1250,2017-06-21.csv,1442,1460,1450,1460,3699
1251,2017-06-22.csv,1460,1484,1451,1452,3172
1252,2017-06-25.csv,1452,1490,1465,1489,3963
1253,2017-06-27.csv,1489,1499,1485,1491,3543
1254,2017-06-28.csv,1491,1500,1485,1499,4402
1255,2017-07-02.csv,1499,1499,1460,1479,3363
1256,2017-07-03.csv,1479,1480,1470,1475,2096
1257,2017-07-04.csv,1475,1479,1472,1476,2778
1258,2017-07-05.csv,1476,1485,1475,1475,2783
1259,2017-07-06.csv,1475,1500,1475,1500,3154
1260,2017-07-09.csv,1500,1525,1490,1500,6988
1261,2017-07-10.csv,1500,1505,1490,1493,6071
1262,2017-07-11.csv,1493,1510,1500,1506,3583
1263,2017-07-12.csv,1506,1520,1510,1519,2244
1264,2017-07-13.csv,1519,1525,1512,1523,2709
1265,2017-07-16.csv,1523,1530,1500,1530,2912
1266,2017-07-17.csv,1530,1599,1540,1597,11170
1267,2017-07-18.csv,1597,1650,1599,1638,12310
1268,2017-07-19.csv,1638,1670,1650,1658,12595
1269,2017-07-20.csv,1658,1670,1656,1658,6554
1270,2017-07-23.csv,1658,1665,1630,1635,4811
1271,2017-07-24.csv,1635,1650,1600,1610,4650
1272,2017-07-25.csv,1610,1620,1607,1612,5546
1273,2017-07-26.csv,1612,1643,1612,1620,3897
1274,2017-07-27.csv,1620,1640,1625,1627,4790
1275,2017-07-30.csv,1627,1630,1610,1620,3503
1276,2017-07-31.csv,1620,1629,1620,1622,3329
1277,2017-08-01.csv,1622,1642,1625,1635,3486
1278,2017-08-02.csv,1635,1640,1630,1638,4095
1279,2017-08-03.csv,1638,1675,1652,1667,15706
1280,2017-08-06.csv,1667,1733,1700,1728,18127
1281,2017-08-07.csv,1728,1773,1750,1768,17674
1282,2017-08-09.csv,1768,1798,1775,1780,12288
1283,2017-08-10.csv,1780,1779,1736,1758,10168
1284,2017-08-13.csv,1758,1769,1745,1750,9970
1285,2017-08-15.csv,1750,1749,1720,1720,5048
1286,2017-08-16.csv,1720,1735,1713,1718,7982
1287,2017-08-17.csv,1718,1751,1710,1737,10056
1288,2017-08-20.csv,1737,1760,1732,1735,5888
1289,2017-08-21.csv,1735,1730,1715,1720,3081
1290,2017-08-22.csv,1720,1730,1717,1729,5422
1291,2017-08-23.csv,1729,1740,1730,1730,4741
1292,2017-08-24.csv,1730,1730,1718,1729,4183
1293,2017-08-27.csv,1729,1810,1755,1767,31262
1294,2017-08-28.csv,1767,1799,1758,1762,20703
1295,2017-08-30.csv,1762,1770,1722,1737,11486
1296,2017-08-31.csv,1737,1750,1699,1700,13665
1297,2017-09-04.csv,1700,1701,1640,1665,13365
1298,2017-09-06.csv,1665,1715,1670,1694,19799
1299,2017-09-07.csv,1694,1700,1675,1675,28839
1300,2017-09-10.csv,1675,1688,1632,1634,29951
1301,2017-09-11.csv,1634,1650,1613,1630,63239
1302,2017-09-12.csv,1254,1235,1191,1191,16172
1303,2017-09-13.csv,1191,1190,1170,1185,6694
1304,2017-09-14.csv,1185,1210,1189,1205,9574
1305,2017-09-17.csv,1205,1255,1210,1245,8537
1306,2017-09-18.csv,1245,1270,1255,1264,6829
1307,2017-09-20.csv,1264,1274,1254,1254,5611
1308,2017-09-24.csv,1254,1260,1242,1254,8497
1309,2017-09-25.csv,1254,1265,1258,1260,2474
1310,2017-09-26.csv,1260,1265,1251,1264,6134
1311,2017-10-03.csv,1264,1265,1243,1265,1586
1312,2017-10-04.csv,1265,1269,1245,1245,5471
1313,2017-10-08.csv,1245,1245,1200,1218,5817
1314,2017-10-09.csv,1218,1225,1200,1205,6902
1315,2017-10-10.csv,1205,1211,1190,1205,2185
1316,2017-10-11.csv,1205,1209,1199,1200,5616
1317,2017-10-12.csv,1200,1205,1195,1200,6344
1318,2017-10-15.csv,1200,1219,1200,1219,1432
1319,2017-10-16.csv,1219,1285,1220,1285,6273
1320,2017-10-17.csv,1285,1291,1265,1273,6476
1321,2017-10-18.csv,1273,1280,1264,1277,4812
1322,2017-10-22.csv,1277,1285,1270,1272,1070
1323,2017-10-23.csv,1272,1280,1260,1265,1708
1324,2017-10-24.csv,1265,1270,1251,1257,2908
1325,2017-10-25.csv,1257,1265,1235,1235,2350
1326,2017-10-29.csv,1235,1240,1225,1230,2416
1327,2017-10-30.csv,1230,1234,1220,1225,5881
1328,2017-10-31.csv,1225,1225,1210,1219,4315
1329,2017-11-01.csv,1219,1235,1220,1220,3253
1330,2017-11-02.csv,1220,1230,1208,1215,7706
1331,2017-11-05.csv,1215,1210,1194,1203,7767
1332,2017-11-06.csv,1203,1200,1180,1190,5666
1333,2017-11-07.csv,1190,1195,1175,1179,9207
1334,2017-11-08.csv,1179,1180,1165,1165,4291
1335,2017-11-09.csv,1165,1165,1130,1130,18364
1336,2017-11-12.csv,1130,1150,1121,1150,10024
1337,2017-11-13.csv,1150,1165,1150,1161,10925
1338,2017-11-14.csv,1161,1200,1163,1200,11066
1339,2017-11-15.csv,1200,1208,1197,1200,8902
1340,2017-11-16.csv,1200,1200,1180,1182,4677
1341,2017-11-19.csv,1182,1200,1168,1168,2558
1342,2017-11-20.csv,1168,1157,1140,1140,11937
1343,2017-11-21.csv,1140,1162,1130,1145,4337
1344,2017-11-22.csv,1145,1168,1160,1166,3050
1345,2017-11-23.csv,1166,1175,1166,1166,5085
1346,2017-11-26.csv,1166,1180,1170,1175,7461
1347,2017-11-27.csv,1175,1184,1160,1165,7045
1348,2017-11-28.csv,1165,1180,1165,1180,5031
1349,2017-11-29.csv,1180,1190,1180,1180,11254
1350,2017-11-30.csv,1180,1190,1170,1179,8116
1351,2017-12-04.csv,1179,1181,1166,1166,4406
1352,2017-12-05.csv,1166,1170,1155,1170,4113
1353,2017-12-06.csv,1170,1180,1165,1168,4018
1354,2017-12-10.csv,1168,1176,1155,1164,9654
1355,2017-12-11.csv,1164,1167,1152,1167,2773
1356,2017-12-12.csv,1167,1170,1153,1160,950
1357,2017-12-13.csv,1160,1160,1155,1156,2013
1358,2017-12-14.csv,1156,1169,1159,1160,1117
1359,2017-12-17.csv,1160,1160,1150,1155,3691
1360,2017-12-18.csv,1155,1164,1160,1160,1545
1361,2017-12-19.csv,1160,1161,1155,1155,2366
1362,2017-12-20.csv,1155,1160,1145,1155,2665
1363,2017-12-21.csv,1155,1160,1145,1149,4245
1364,2017-12-24.csv,1149,1155,1148,1150,4231
1365,2017-12-26.csv,1150,1155,1130,1145,2029
1366,2017-12-27.csv,1145,1143,1130,1134,2831
1367,2017-12-28.csv,1134,1129,1085,1090,15690
1368,2017-12-31.csv,1090,1090,1015,1020,19263
1369,2018-01-01.csv,1020,1065,1020,1065,15122
1370,2018-01-02.csv,1065,1101,1065,1080,24418
1371,2018-01-03.csv,1080,1100,1050,1055,12532
1372,2018-01-04.csv,1055,1081,1059,1080,7265
1373,2018-01-07.csv,1080,1090,1074,1081,8667
1374,2018-01-08.csv,1081,1097,1080,1089,14120
1375,2018-01-09.csv,1089,1100,1089,1090,9727
1376,2018-01-10.csv,1090,1093,1070,1070,12309
1377,2018-01-14.csv,1070,1073,1055,1065,9390
1378,2018-01-16.csv,1065,1066,1025,1030,22276
1379,2018-01-17.csv,1030,1045,1010,1039,20617
1380,2018-01-21.csv,1039,1045,1025,1039,12003
1381,2018-01-22.csv,1039,1043,1033,1039,11946
1382,2018-01-23.csv,1039,1040,1030,1031,6612
1383,2018-01-24.csv,1031,1032,1010,1015,19823
1384,2018-01-25.csv,1015,1039,1020,1037,8156
1385,2018-01-28.csv,1037,1055,1044,1048,10059
1386,2018-01-29.csv,1048,1055,1045,1052,11653
1387,2018-01-31.csv,1052,1070,1058,1070,10033
1388,2018-02-01.csv,1070,1098,1075,1090,12664
1389,2018-02-04.csv,1090,1099,1086,1086,19894
1390,2018-02-05.csv,1086,1092,1074,1077,12146
1391,2018-02-06.csv,1077,1073,1065,1072,4578
1392,2018-02-07.csv,1072,1066,1060,1066,7436
1393,2018-02-08.csv,1066,1070,1057,1065,8717
1394,2018-02-11.csv,1065,1070,1060,1070,6351
1395,2018-02-12.csv,1070,1074,1061,1062,6125
1396,2018-02-14.csv,1062,1075,1060,1068,11870
1397,2018-02-15.csv,1068,1104,1075,1104,18692
1398,2018-02-18.csv,1110,1126,1106,1112,19540
1399,2018-02-20.csv,1120,1130,1093,1100,9378
1400,2018-02-21.csv,1095,1096,1085,1095,2594
1401,2018-02-22.csv,1100,1100,1086,1090,8036
1402,2018-02-25.csv,1090,1090,1065,1070,10593
1403,2018-02-26.csv,1080,1085,1059,1059,12348
1404,2018-02-27.csv,1060,1075,1055,1068,19270
1405,2018-02-28.csv,1060,1067,1055,1060,12588
1406,2018-03-04.csv,1045,1045,1022,1034,13490
1407,2018-03-05.csv,1054,1070,1031,1035,9593
1408,2018-03-06.csv,1035,1060,1025,1050,15880
1409,2018-03-07.csv,1051,1065,1051,1060,21280
1410,2018-03-11.csv,1060,1060,1040,1044,11768
1411,2018-03-12.csv,1040,1043,1035,1043,8110
1412,2018-03-13.csv,1037,1041,1024,1030,14786
1413,2018-03-14.csv,1040,1040,1030,1030,9600
1414,2018-03-15.csv,1030,1035,1023,1023,11196
1415,2018-03-18.csv,1025,1029,1019,1025,12162
1416,2018-03-19.csv,1030,1030,1012,1015,12030
1417,2018-03-20.csv,1010,1015,998,1015,23717
1418,2018-03-21.csv,1000,1001,985,985,20783
1419,2018-03-22.csv,976,990,969,975,20012
1420,2018-03-26.csv,975,965,920,925,16921
1421,2018-03-27.csv,925,950,888,939,25557
1422,2018-03-28.csv,950,968,931,968,23753
1423,2018-03-29.csv,974,987,967,970,18810
1424,2018-04-01.csv,975,975,917,945,15347
1425,2018-04-02.csv,945,949,937,945,8678
1426,2018-04-03.csv,945,950,939,950,11371
1427,2018-04-04.csv,952,965,950,965,16959
1428,2018-04-05.csv,970,978,965,970,27949
1429,2018-04-08.csv,972,1010,972,999,31730
1430,2018-04-09.csv,1015,1030,994,994,35267
1431,2018-04-10.csv,990,1000,980,986,11944
1432,2018-04-11.csv,983,994,980,988,8026
1433,2018-04-12.csv,999,999,988,989,14218
1434,2018-04-15.csv,995,999,979,990,13102
1435,2018-04-16.csv,990,999,980,996,8325
1436,2018-04-17.csv,1000,1005,997,1002,16009
1437,2018-04-18.csv,1005,1050,999,1040,21999
1438,2018-04-19.csv,1050,1060,1041,1055,15695
1439,2018-04-22.csv,1066,1076,1058,1065,20691
1440,2018-04-23.csv,1081,1081,1050,1050,16208
1441,2018-04-24.csv,1055,1064,1032,1032,8229
1442,2018-04-25.csv,1040,1045,1030,1040,10589
1443,2018-04-26.csv,1050,1050,1020,1030,13380
1444,2018-04-29.csv,1015,1020,1002,1013,7378
1445,2018-05-02.csv,1017,1025,996,1009,10811
1446,2018-05-03.csv,1011,1025,1009,1009,6662
1447,2018-05-06.csv,1005,1006,1000,1005,6340
1448,2018-05-07.csv,1010,1010,998,999,6050
1449,2018-05-08.csv,1006,1010,997,1010,8831
1450,2018-05-09.csv,1005,1014,1003,1003,7968
1451,2018-05-10.csv,1000,1010,996,1003,3212
1452,2018-05-14.csv,1003,1004,990,1000,8898
1453,2018-05-15.csv,1000,1007,995,1002,2596
1454,2018-05-16.csv,1002,1002,999,1000,6058
1455,2018-05-17.csv,1005,1005,1001,1002,3295
1456,2018-05-20.csv,1022,1022,1000,1000,9372
1457,2018-05-21.csv,1000,1010,996,999,6405
1458,2018-05-22.csv,1000,1003,995,995,6365
1459,2018-05-23.csv,995,999,984,987,5655
1460,2018-05-24.csv,992,999,990,990,5307
1461,2018-05-27.csv,990,990,978,989,3069
1462,2018-05-28.csv,989,1012,985,1012,4170
1463,2018-05-29.csv,1007,1010,999,999,4198
1464,2018-05-30.csv,1000,1013,999,1000,2360
1465,2018-05-31.csv,1005,1005,995,1000,3164
1466,2018-06-03.csv,1000,1000,980,980,5913
1467,2018-06-04.csv,970,985,970,979,3875
1468,2018-06-06.csv,998,1000,988,990,1882
1469,2018-06-07.csv,990,990,975,975,4786
1470,2018-06-10.csv,970,970,944,956,5466
1471,2018-06-11.csv,955,975,945,955,5198
1472,2018-06-12.csv,960,960,945,955,4558
1473,2018-06-13.csv,960,960,945,955,3803
1474,2018-06-14.csv,960,963,955,958,947
1475,2018-06-17.csv,955,959,940,942,3161
1476,2018-06-18.csv,945,955,937,943,2878
1477,2018-06-19.csv,944,944,940,941,1365
1478,2018-06-20.csv,940,945,940,940,3344
1479,2018-06-21.csv,945,945,940,942,2308
1480,2018-06-24.csv,943,943,936,942,4494
1481,2018-06-25.csv,945,945,930,932,4988
1482,2018-06-26.csv,925,931,922,928,1174
1483,2018-06-27.csv,930,935,921,930,5047
1484,2018-06-28.csv,932,955,931,931,2623
1485,2018-07-01.csv,945,945,925,928,4235
1486,2018-07-02.csv,928,928,917,920,2420
1487,2018-07-03.csv,920,926,918,920,5734
1488,2018-07-04.csv,920,920,913,917,6221
1489,2018-07-05.csv,920,928,919,924,12676
1490,2018-07-08.csv,942,953,928,940,12880
1491,2018-07-09.csv,941,941,918,918,11028
1492,2018-07-10.csv,920,926,917,917,3949
1493,2018-07-11.csv,920,928,917,918,9218
1494,2018-07-12.csv,915,922,911,912,5387
1495,2018-07-15.csv,912,920,912,920,5465
1496,2018-07-16.csv,915,921,903,921,10813
1497,2018-07-17.csv,917,917,899,900,64608
1498,2018-07-18.csv,905,905,897,900,28537
1499,2018-07-19.csv,900,905,898,900,36821
1500,2018-07-22.csv,900,900,897,900,6188
1501,2018-07-23.csv,899,900,898,900,11306
1502,2018-07-24.csv,900,905,898,899,20936
1503,2018-07-25.csv,900,900,897,897,7248
1504,2018-07-26.csv,900,908,899,905,13263
1505,2018-07-29.csv,919,919,909,910,5574
1506,2018-07-30.csv,910,913,907,909,5174
1507,2018-07-31.csv,905,910,905,905,5144
1508,2018-08-01.csv,910,910,904,908,5960
1509,2018-08-02.csv,908,909,904,906,5552
1510,2018-08-05.csv,906,907,900,905,6414
1511,2018-08-06.csv,907,907,900,903,6662
1512,2018-08-07.csv,919,919,904,904,2142
1513,2018-08-08.csv,905,910,903,904,2673
1514,2018-08-09.csv,922,922,904,909,3307
1515,2018-08-12.csv,910,910,894,900,6359
1516,2018-08-13.csv,900,907,900,907,5383
1517,2018-08-14.csv,907,907,900,907,6383
1518,2018-08-15.csv,916,940,913,935,17869
1519,2018-08-16.csv,930,966,930,957,17494
1520,2018-08-19.csv,960,965,954,959,11046
1521,2018-08-20.csv,960,960,942,948,9155
1522,2018-08-21.csv,948,947,940,940,4925
1523,2018-08-22.csv,935,945,935,945,2174
1524,2018-08-23.csv,945,945,941,945,4749
1525,2018-08-26.csv,945,948,944,945,5990
1526,2018-08-28.csv,946,950,943,949,6091
1527,2018-08-29.csv,947,949,945,947,3171
1528,2018-08-30.csv,950,952,945,947,5231
1529,2018-09-02.csv,949,952,946,950,7021
1530,2018-09-03.csv,969,970,955,964,7503
1531,2018-09-04.csv,970,971,961,966,8115
1532,2018-09-05.csv,967,974,965,970,10041
1533,2018-09-06.csv,972,984,963,965,16698
1534,2018-09-09.csv,955,974,955,970,7541
1535,2018-09-10.csv,965,967,960,964,7438
1536,2018-09-11.csv,965,969,960,966,6852
1537,2018-09-12.csv,966,967,965,965,4296
1538,2018-09-13.csv,966,970,966,968,5373
1539,2018-09-16.csv,970,974,968,969,9770
1540,2018-09-17.csv,967,970,965,968,1984
1541,2018-09-18.csv,970,970,966,968,5243
1542,2018-09-20.csv,970,970,960,962,6516
1543,2018-09-23.csv,961,964,950,961,3193
1544,2018-09-25.csv,965,965,960,965,4909
1545,2018-09-26.csv,960,969,960,966,9356
1546,2018-09-27.csv,960,970,960,961,3070
1547,2018-09-30.csv,961,961,950,950,7218
1548,2018-10-01.csv,955,956,934,945,2593
1549,2018-10-02.csv,945,950,940,945,3936
1550,2018-10-03.csv,945,945,932,942,5114
1551,2018-10-04.csv,940,958,916,944,5142
1552,2018-10-07.csv,944,944,927,927,5803
1553,2018-10-08.csv,927,944,927,929,3337
1554,2018-10-09.csv,931,939,927,930,2484
1555,2018-10-10.csv,929,932,927,930,4393
1556,2018-10-11.csv,931,937,929,931,5113
1557,2018-10-14.csv,935,939,935,938,1925
1558,2018-10-15.csv,940,956,940,953,1245
1559,2018-10-21.csv,955,955,950,953,193
1560,2018-10-22.csv,951,959,950,951,1928
1561,2018-10-23.csv,955,960,950,960,2006
1562,2018-10-24.csv,960,970,956,962,3191
1563,2018-10-25.csv,963,963,956,956,1044
1564,2018-10-28.csv,956,956,939,942,2511
1565,2018-10-29.csv,939,945,939,940,2862
1566,2018-10-30.csv,940,945,940,940,1768
1567,2018-10-31.csv,941,952,940,952,2427
1568,2018-11-01.csv,940,949,940,946,1572
1569,2018-11-04.csv,947,947,938,940,2099
1570,2018-11-05.csv,939,940,935,938,2736
1571,2018-11-06.csv,938,900,900,946,230
1572,2018-11-11.csv,946,946,897,911,2235
1573,2018-11-12.csv,910,911,897,904,4075
1574,2018-11-13.csv,915,921,905,919,833
1575,2018-11-14.csv,919,920,915,919,4373
1576,2018-11-15.csv,920,940,920,926,7548
1577,2018-11-18.csv,930,930,916,916,3113
1578,2018-11-19.csv,915,918,908,917,2568
1579,2018-11-20.csv,918,918,902,902,760
1580,2018-11-21.csv,891,906,890,906,3991
1581,2018-11-22.csv,910,915,900,900,4595
1582,2018-11-25.csv,904,904,898,898,3792
1583,2018-11-26.csv,898,898,888,888,5967
1584,2018-11-27.csv,885,899,885,889,4029
1585,2018-11-28.csv,892,900,888,889,5451
1586,2018-11-29.csv,885,890,882,882,3294
1587,2018-12-02.csv,880,880,865,865,4594
1588,2018-12-03.csv,870,875,862,863,3135
1589,2018-12-04.csv,860,860,841,860,13920
1590,2018-12-05.csv,860,860,849,851,7992
1591,2018-12-06.csv,850,850,830,850,6099
1592,2018-12-09.csv,853,856,850,852,4171
1593,2018-12-10.csv,855,860,850,853,8181
1594,2018-12-11.csv,855,860,844,855,3869
1595,2018-12-12.csv,855,860,845,851,3175
1596,2018-12-13.csv,852,855,847,847,4879
1597,2018-12-16.csv,859,859,850,853,9410
1598,2018-12-17.csv,850,869,850,862,2512
1599,2018-12-18.csv,862,862,856,858,5028
1600,2018-12-19.csv,860,860,850,850,7082
1601,2018-12-20.csv,855,860,845,851,3393
1602,2018-12-23.csv,860,870,860,870,8974
1603,2018-12-24.csv,870,876,865,868,5253
1604,2018-12-25.csv,870,870,855,862,1588
1605,2018-12-26.csv,870,870,860,864,7037
1606,2018-12-27.csv,875,880,865,865,6193
1607,2018-12-30.csv,866,877,865,866,4130
1608,2018-12-31.csv,879,879,860,860,7190
1609,2019-01-01.csv,861,863,851,851,5002
1610,2019-01-02.csv,859,859,850,850,5122
1611,2019-01-03.csv,851,855,841,841,9928
1612,2019-01-06.csv,845,848,835,837,7310
1613,2019-01-07.csv,838,840,835,835,4589
1614,2019-01-08.csv,836,839,835,837,3971
1615,2019-01-09.csv,840,840,834,834,4380
1616,2019-01-10.csv,836,848,834,835,5480
1617,2019-01-13.csv,851,851,838,838,3132
1618,2019-01-14.csv,839,844,830,836,4045
1619,2019-01-15.csv,842,842,834,842,2708
1620,2019-01-16.csv,858,858,841,845,2960
1621,2019-01-17.csv,845,845,836,844,2128
1622,2019-01-20.csv,844,850,844,850,2650
1623,2019-01-21.csv,842,848,836,843,3420
1624,2019-01-22.csv,841,845,841,842,1670
1625,2019-01-23.csv,843,850,838,838,4189
1626,2019-01-24.csv,843,843,839,840,2567
1627,2019-01-27.csv,841,841,832,838,3910
1628,2019-01-28.csv,835,837,832,834,2227
1629,2019-01-29.csv,830,835,830,830,6286
1630,2019-01-30.csv,835,841,835,837,3605
1631,2019-01-31.csv,838,844,838,841,4408
1632,2019-02-03.csv,842,845,840,841,4165
1633,2019-02-04.csv,837,838,825,829,5154
1634,2019-02-05.csv,830,835,830,830,2150
1635,2019-02-06.csv,825,829,825,828,3267
1636,2019-02-07.csv,828,835,826,831,3757
1637,2019-02-10.csv,830,830,820,824,2399
1638,2019-02-11.csv,830,830,823,825,3879
1639,2019-02-12.csv,826,830,825,825,2448
1640,2019-02-13.csv,830,830,818,822,3151
1641,2019-02-14.csv,820,825,818,818,2494
1642,2019-02-17.csv,829,829,807,807,6470
1643,2019-02-18.csv,815,815,778,783,29718
1644,2019-02-19.csv,793,795,776,793,7663
1645,2019-02-20.csv,793,793,780,789,9080
1646,2019-02-21.csv,792,803,789,803,17561
1647,2019-02-24.csv,810,810,792,795,15486
1648,2019-02-25.csv,795,799,789,794,31622
1649,2019-02-26.csv,700,700,678,687,9887
1650,2019-02-27.csv,686,689,681,687,4794
1651,2019-03-03.csv,690,691,680,682,8715
1652,2019-03-05.csv,682,690,681,683,6279
1653,2019-03-06.csv,683,688,680,686,10200
1654,2019-03-07.csv,689,690,685,688,7555
1655,2019-03-10.csv,689,691,686,691,1992
1656,2019-03-11.csv,694,700,691,696,16082
1657,2019-03-12.csv,705,720,705,720,12524
1658,2019-03-13.csv,725,731,715,715,11208
1659,2019-03-14.csv,719,720,708,715,3812
1660,2019-03-17.csv,715,730,715,722,9881
1661,2019-03-18.csv,726,730,722,722,9174
1662,2019-03-19.csv,722,724,718,723,1020
1663,2019-03-21.csv,722,722,708,710,8927
1664,2019-03-24.csv,721,721,709,712,5859
1665,2019-03-25.csv,709,716,709,712,7028
1666,2019-03-26.csv,710,712,706,712,3898
1667,2019-03-27.csv,713,715,709,709,9163
1668,2019-03-28.csv,708,719,708,714,5004
1669,2019-03-31.csv,715,717,707,712,7019
1670,2019-04-01.csv,713,714,709,712,11973
1671,2019-04-02.csv,713,718,710,717,15403
1672,2019-04-03.csv,731,731,712,724,14196
1673,2019-04-04.csv,724,728,718,727,8188
1674,2019-04-07.csv,730,732,721,732,23725
1675,2019-04-08.csv,735,755,730,740,23599
1676,2019-04-09.csv,741,750,740,743,12325
1677,2019-04-10.csv,749,749,735,740,8232
1678,2019-04-11.csv,742,743,736,736,7882
1679,2019-04-15.csv,736,746,736,746,3377
1680,2019-04-16.csv,749,773,747,766,6057
1681,2019-04-17.csv,775,780,766,773,11183
1682,2019-04-18.csv,785,810,785,810,15287
1683,2019-04-21.csv,815,867,815,866,28899
1684,2019-04-22.csv,880,900,868,880,29675
1685,2019-04-23.csv,875,890,859,881,15000
1686,2019-04-24.csv,881,894,864,878,6811
1687,2019-04-25.csv,890,895,877,880,9441
1688,2019-04-28.csv,885,891,873,873,9506
1689,2019-04-29.csv,875,880,866,868,8403
1690,2019-04-30.csv,871,871,851,856,7584
1691,2019-05-02.csv,850,855,845,847,6201
1692,2019-05-05.csv,843,844,830,835,9479
1693,2019-05-06.csv,845,855,834,851,8355
1694,2019-05-07.csv,856,869,850,850,8243
1695,2019-05-08.csv,855,855,840,846,7578
1696,2019-05-09.csv,862,862,838,841,2950
1697,2019-05-12.csv,841,845,831,841,3539
1698,2019-05-13.csv,845,855,841,844,2652
1699,2019-05-14.csv,840,850,837,848,3614
1700,2019-05-15.csv,848,860,844,851,5163
1701,2019-05-16.csv,851,858,845,845,6365
1702,2019-05-19.csv,855,855,831,843,6356
1703,2019-05-20.csv,849,849,830,830,5507
1704,2019-05-21.csv,829,840,827,840,4169
1705,2019-05-22.csv,856,856,835,841,1981
1706,2019-05-23.csv,843,845,835,841,5508
1707,2019-05-26.csv,857,857,835,840,5463
1708,2019-05-27.csv,835,840,835,840,2539
1709,2019-05-28.csv,830,844,830,836,2822
1710,2019-05-29.csv,840,840,837,840,3151
1711,2019-05-30.csv,856,882,847,847,9146
1712,2019-06-02.csv,848,848,832,834,6077
1713,2019-06-03.csv,835,835,830,833,2874
1714,2019-06-04.csv,843,843,829,829,3935
1715,2019-06-06.csv,832,832,826,828,4877
1716,2019-06-10.csv,820,842,820,826,4518
1717,2019-06-11.csv,825,826,820,822,8030
1718,2019-06-12.csv,818,823,815,820,8943
1719,2019-06-13.csv,820,834,818,827,9849
1720,2019-06-16.csv,820,822,813,814,13511
1721,2019-06-17.csv,814,816,807,816,10347
1722,2019-06-18.csv,816,816,806,814,8230
1723,2019-06-19.csv,829,829,803,814,3158
1724,2019-06-20.csv,814,814,805,812,4301
1725,2019-06-23.csv,820,820,804,805,5595
1726,2019-06-24.csv,807,808,802,808,3446
1727,2019-06-25.csv,805,810,800,810,4883
1728,2019-06-26.csv,810,810,802,804,7826
1729,2019-06-27.csv,805,815,799,800,12955
1730,2019-06-30.csv,806,806,785,785,28406
1731,2019-07-01.csv,783,785,780,785,8539
1732,2019-07-02.csv,781,785,775,784,9500
1733,2019-07-03.csv,787,799,775,795,7949
1734,2019-07-04.csv,796,800,795,798,10401
1735,2019-07-07.csv,800,805,790,790,6481
1736,2019-07-08.csv,790,790,785,787,4253
1737,2019-07-09.csv,787,806,786,806,11678
1738,2019-07-10.csv,803,815,801,811,9931
1739,2019-07-11.csv,813,824,813,823,8966
1740,2019-07-14.csv,824,827,820,825,3781
1741,2019-07-15.csv,826,833,799,799,30861
1742,2019-07-16.csv,838,838,792,800,25920
1743,2019-07-17.csv,800,814,800,813,17512
1744,2019-07-18.csv,820,820,808,812,15304
1745,2019-07-21.csv,808,810,800,801,19195
1746,2019-07-22.csv,810,819,803,805,19698
1747,2019-07-23.csv,810,810,802,808,13387
1748,2019-07-24.csv,815,815,805,812,17884
1749,2019-07-25.csv,807,811,800,805,11336
1750,2019-07-28.csv,808,808,796,797,17431
1751,2019-07-29.csv,800,805,798,803,10970
1752,2019-07-30.csv,803,805,800,801,10926
1753,2019-07-31.csv,800,805,800,800,9199
1754,2019-08-01.csv,802,805,800,801,11281
1755,2019-08-04.csv,802,803,796,799,11095
1756,2019-08-05.csv,795,800,795,800,9946
1757,2019-08-06.csv,795,795,789,790,13321
1758,2019-08-07.csv,790,795,784,790,9174
1759,2019-08-08.csv,794,796,787,790,10432
1760,2019-08-11.csv,788,788,781,784,9920
1761,2019-08-12.csv,782,788,782,783,5650
1762,2019-08-13.csv,785,785,781,782,6190
1763,2019-08-14.csv,784,784,775,779,11640
1764,2019-08-15.csv,782,785,780,784,13055
1765,2019-08-18.csv,790,790,779,779,12387
1766,2019-08-19.csv,779,784,776,778,10297
1767,2019-08-20.csv,782,782,777,778,12518
1768,2019-08-21.csv,777,779,775,778,13659
1769,2019-08-22.csv,778,781,777,777,7473
1770,2019-08-25.csv,771,780,771,776,7386
1771,2019-08-26.csv,776,776,760,775,23330
1772,2019-08-27.csv,772,780,771,778,5949
1773,2019-08-28.csv,780,790,770,770,4274
1774,2019-08-29.csv,771,775,768,770,9213
1775,2019-09-01.csv,771,772,767,769,9261
1776,2019-09-02.csv,769,769,756,758,6969
1777,2019-09-03.csv,758,775,750,774,8894
1778,2019-09-04.csv,780,781,770,777,15241
1779,2019-09-05.csv,792,792,777,780,8861
1780,2019-09-08.csv,778,781,775,776,9562
1781,2019-09-09.csv,775,778,770,776,4931
1782,2019-09-10.csv,772,775,767,769,7569
1783,2019-09-11.csv,765,772,765,772,4673
1784,2019-09-12.csv,770,771,765,770,10514
1785,2019-09-15.csv,770,775,759,759,6359
1786,2019-09-16.csv,756,756,742,742,10591
1787,2019-09-17.csv,745,772,745,750,10137
1788,2019-09-18.csv,765,780,762,775,7924
1789,2019-09-19.csv,784,784,772,775,6481
1790,2019-09-22.csv,768,770,762,765,7591
1791,2019-09-23.csv,761,768,760,760,6194
1792,2019-09-24.csv,760,760,757,760,7998
1793,2019-09-25.csv,760,765,759,759,3910
1794,2019-09-26.csv,760,762,755,759,3989
1795,2019-09-29.csv,760,760,751,752,3598
1796,2019-09-30.csv,760,760,754,760,4706
1797,2019-10-01.csv,763,777,761,772,2719
1798,2019-10-02.csv,777,780,770,772,4486
1799,2019-10-03.csv,778,778,769,769,5226
1800,2019-10-10.csv,765,773,765,770,728
1801,2019-10-14.csv,770,770,757,765,16518
1802,2019-10-15.csv,765,765,760,763,4973
1803,2019-10-16.csv,768,768,754,762,4902
1804,2019-10-17.csv,762,765,759,760,8157
1805,2019-10-20.csv,766,766,756,757,4145
1806,2019-10-21.csv,757,764,755,758,6056
1807,2019-10-22.csv,758,762,754,756,17493
1808,2019-10-23.csv,756,765,756,762,3122
1809,2019-10-24.csv,765,768,755,768,8808
1810,2019-10-31.csv,768,768,753,761,6352
1811,2019-11-03.csv,760,760,752,760,8041
1812,2019-11-04.csv,764,780,762,768,25965
1813,2019-11-05.csv,775,777,763,770,16182
1814,2019-11-06.csv,774,774,765,768,13493
1815,2019-11-07.csv,772,772,755,755,23312
1816,2019-11-10.csv,760,763,753,755,10153
1817,2019-11-11.csv,759,765,750,753,15505
1818,2019-11-12.csv,760,760,749,750,21447
1819,2019-11-13.csv,750,755,750,750,6681
1820,2019-11-14.csv,750,754,749,749,3797
1821,2019-11-17.csv,753,755,745,755,7383
1822,2019-11-18.csv,755,756,750,755,23592
1823,2019-11-19.csv,755,755,750,753,18207
1824,2019-11-20.csv,755,760,750,750,29088
1825,2019-11-21.csv,750,750,739,740,7681
1826,2019-11-24.csv,739,742,730,730,12391
1827,2019-11-25.csv,731,732,727,730,10567
1828,2019-11-26.csv,726,735,725,730,8682
1829,2019-11-27.csv,731,735,729,732,18463
1830,2019-11-28.csv,732,733,724,725,15634
1831,2019-12-01.csv,725,730,723,723,24232
1832,2019-12-02.csv,726,726,723,725,6572
1833,2019-12-03.csv,728,730,725,725,9589
1834,2019-12-04.csv,727,729,725,725,9772
1835,2019-12-05.csv,730,737,728,730,13130
1836,2019-12-08.csv,739,739,725,729,11013
1837,2019-12-09.csv,730,749,730,736,5466
1838,2019-12-10.csv,736,745,736,743,4466
1839,2019-12-11.csv,745,750,743,747,8847
1840,2019-12-12.csv,750,751,744,749,16206
1841,2019-12-15.csv,755,755,744,744,16928
1842,2019-12-16.csv,750,750,737,737,11742
1843,2019-12-17.csv,746,747,739,743,9416
1844,2019-12-18.csv,748,750,742,748,15298
1845,2019-12-19.csv,749,755,749,753,15015
1846,2019-12-22.csv,755,760,750,756,34362
1847,2019-12-23.csv,760,762,750,750,66023
1848,2019-12-24.csv,662,670,660,667,22863
1849,2019-12-25.csv,665,669,665,669,12220
1850,2019-12-26.csv,667,677,665,676,14538
1851,2019-12-29.csv,678,679,673,674,14830
1852,2019-12-30.csv,673,687,673,675,17063
1853,2019-12-31.csv,679,682,676,681,15116
1854,2020-01-01.csv,683,690,680,690,10882
1855,2020-01-02.csv,688,690,684,685,20018
1856,2020-01-05.csv,690,699,690,697,17152
1857,2020-01-06.csv,700,715,700,713,23487
1858,2020-01-07.csv,725,734,719,722,24397
1859,2020-01-08.csv,725,725,715,721,17879
1860,2020-01-09.csv,711,723,711,716,9624
1861,2020-01-12.csv,722,728,720,726,30359
1862,2020-01-13.csv,735,749,726,730,40571
1863,2020-01-14.csv,735,735,716,730,12535
1864,2020-01-15.csv,735,743,733,740,11175
1865,2020-01-16.csv,740,759,740,751,26914
1866,2020-01-19.csv,760,766,757,764,22863
1867,2020-01-20.csv,779,780,755,761,25615
1868,2020-01-21.csv,767,767,749,755,18428
1869,2020-01-22.csv,750,756,745,745,12755
1870,2020-01-23.csv,745,745,722,727,19663
1871,2020-01-26.csv,727,727,709,712,20914
1872,2020-01-27.csv,712,729,706,720,17628
1873,2020-01-28.csv,734,735,725,725,15203
1874,2020-01-29.csv,727,732,721,724,10541
1875,2020-01-30.csv,724,737,724,736,14728
1876,2020-02-02.csv,740,754,740,752,37634
1877,2020-02-03.csv,757,758,733,738,33172
1878,2020-02-04.csv,741,744,732,739,27241
1879,2020-02-05.csv,739,739,734,734,20827
1880,2020-02-06.csv,735,740,726,726,15362
1881,2020-02-09.csv,732,732,720,721,18422
1882,2020-02-10.csv,725,727,716,720,23380
1883,2020-02-11.csv,716,730,715,723,27491
1884,2020-02-12.csv,729,729,721,722,11735
1885,2020-02-13.csv,725,727,721,723,16258
1886,2020-02-16.csv,726,726,719,724,17985
1887,2020-02-17.csv,738,757,728,750,51893
1888,2020-02-18.csv,764,765,744,753,47604
1889,2020-02-19.csv,752,753,746,751,23379
1890,2020-02-20.csv,752,755,746,755,21585
1891,2020-02-23.csv,758,804,758,790,65129
1892,2020-02-24.csv,805,821,791,800,93540
1893,2020-02-25.csv,805,814,779,814,37640
1894,2020-02-26.csv,830,875,828,870,83212
1895,2020-02-27.csv,861,955,845,955,167082
1896,2020-03-01.csv,965,1000,936,940,163043
1897,2020-03-02.csv,926,939,850,850,68203
1898,2020-03-03.csv,835,910,815,888,150206
1899,2020-03-04.csv,888,888,838,847,107177
1900,2020-03-05.csv,831,852,813,840,78904
1901,2020-03-10.csv,824,824,776,776,60824
1902,2020-03-11.csv,791,822,766,815,83501
1903,2020-03-12.csv,831,831,784,790,65403
1904,2020-03-15.csv,780,787,748,750,70304
1905,2020-03-16.csv,741,764,723,750,55501
1906,2020-03-17.csv,765,765,721,731,46620
1907,2020-03-18.csv,731,739,700,715,43913
1908,2020-03-19.csv,701,740,690,730,55806
1909,2020-03-22.csv,744,744,700,701,15101
